date,cluster_nl,prediction
2023-01-01,BRAND_E57A_COUNTRY_06E4,1.0852876
2023-01-01,BRAND_014B_COUNTRY_06E4,1.0359792
2023-01-01,BRAND_1E6F_COUNTRY_4647,1.0178356
2023-01-01,BRAND_9259_COUNTRY_FA79,1.0206107
2023-01-01,BRAND_106A_COUNTRY_E319,0.90983415
2023-01-01,BRAND_3938_COUNTRY_907E,0.9666629
2023-01-01,BRAND_F649_COUNTRY_FA79,1.0142463
2023-01-01,BRAND_F649_COUNTRY_2E65,1.1463792
2023-01-01,BRAND_60F2_COUNTRY_C89B,0.96994764
2023-01-01,BRAND_740F_COUNTRY_8B47,1.0043342
2023-01-01,BRAND_740F_COUNTRY_0309,1.0806643
2023-01-01,BRAND_E57A_COUNTRY_6F78,0.95596576
2023-01-01,BRAND_FB69_COUNTRY_4D48,1.0969961
2023-01-01,BRAND_12B2_COUNTRY_AE54,2.3893645
2023-01-01,BRAND_E57A_COUNTRY_0309,1.4340676
2023-01-01,BRAND_C352_COUNTRY_8B47,1.4040223
2023-01-01,BRAND_740F_COUNTRY_06E4,0.9953144
2023-01-01,BRAND_AA1F_COUNTRY_06E4,1.0637462
2023-01-01,BRAND_014B_COUNTRY_0309,1.5498952
2023-01-01,BRAND_FB57_COUNTRY_907E,1.2603546
2023-01-01,BRAND_056A_COUNTRY_0309,0.5856716
2023-01-01,BRAND_F649_COUNTRY_907E,1.5158136
2023-01-01,BRAND_CFD9_COUNTRY_AE54,1.6594869
2023-01-01,BRAND_9259_COUNTRY_907E,1.2468193
2023-01-01,BRAND_B1E8_COUNTRY_AE54,1.6826962
2023-01-01,BRAND_056A_COUNTRY_D8B0,1.641947
2023-01-01,BRAND_740F_COUNTRY_5180,1.0274862
2023-01-01,BRAND_F649_COUNTRY_5180,1.0927355
2023-01-01,BRAND_4888_COUNTRY_AE54,2.3047209
2023-01-01,BRAND_E57A_COUNTRY_5180,1.080844
2023-01-01,BRAND_9259_COUNTRY_5180,1.1585523
2023-01-01,BRAND_1E6F_COUNTRY_AE54,1.2321175
2023-01-01,BRAND_014B_COUNTRY_6C16,1.1356963
2023-01-01,BRAND_D72F_COUNTRY_C89B,0.99237734
2023-01-01,BRAND_9259_COUNTRY_89F9,1.2654488
2023-01-01,BRAND_740F_COUNTRY_88A3,0.99574286
2023-01-01,BRAND_C3A1_COUNTRY_5180,1.0527923
2023-01-01,BRAND_C352_COUNTRY_C8F4,2.0992706
2023-01-01,BRAND_A5D5_COUNTRY_C89B,0.96380216
2023-01-01,BRAND_248D_COUNTRY_EA71,1.2590604
2023-01-01,BRAND_BBE0_COUNTRY_C89B,0.9963272
2023-01-01,BRAND_599D_COUNTRY_C51E,1.0665437
2023-01-01,BRAND_A5D5_COUNTRY_5FEB,1.4115448
2023-01-01,BRAND_A12A_COUNTRY_C51E,1.1331884
2023-01-01,BRAND_ACB5_COUNTRY_9488,1.0118141
2023-01-01,BRAND_9259_COUNTRY_88A3,1.0015861
2023-01-01,BRAND_E57A_COUNTRY_0C7D,1.0922793
2023-01-01,BRAND_BC1F_COUNTRY_C89B,1.2917
2023-01-01,BRAND_F649_COUNTRY_EA71,1.0857764
2023-01-01,BRAND_E57A_COUNTRY_88A3,1.0101439
2023-01-01,BRAND_D786_COUNTRY_4253,1.2797114
2023-01-01,BRAND_056A_COUNTRY_458E,1.1013479
2023-01-01,BRAND_056A_COUNTRY_6C16,0.8747041
2023-01-01,BRAND_D72F_COUNTRY_1033,1.0267111
2023-01-01,BRAND_7065_COUNTRY_9488,1.2357178
2023-01-01,BRAND_F649_COUNTRY_89F9,1.3997111
2023-01-01,BRAND_E57A_COUNTRY_EA71,1.380262
2023-01-01,BRAND_76D6_COUNTRY_AE54,1.9199526
2023-01-01,BRAND_9259_COUNTRY_6B71,1.1050293
2023-01-01,BRAND_F649_COUNTRY_1033,1.2015836
2023-01-01,BRAND_8779_COUNTRY_84C8,0.9582932
2023-01-01,BRAND_9E22_COUNTRY_5180,0.9750806
2023-01-01,BRAND_C352_COUNTRY_88A3,1.330364
2023-01-01,BRAND_E57A_COUNTRY_458E,1.0860559
2023-01-01,BRAND_9C65_COUNTRY_3536,1.0482675
2023-01-01,BRAND_D13E_COUNTRY_9891,1.0630062
2023-01-01,BRAND_740F_COUNTRY_9891,1.0206894
2023-01-01,BRAND_29F9_COUNTRY_5FEB,2.0509439
2023-01-01,BRAND_056A_COUNTRY_53A5,1.8558837
2023-01-01,BRAND_D786_COUNTRY_53A5,1.2610357
2023-01-01,BRAND_740F_COUNTRY_53A5,1.1382726
2023-01-01,BRAND_4710_COUNTRY_5FEB,1.2366765
2023-01-01,BRAND_4F19_COUNTRY_5FEB,1.9396429
2023-01-01,BRAND_B79F_COUNTRY_B6AE,1.0383234
2023-01-01,BRAND_D72F_COUNTRY_3536,1.1246092
2023-01-01,BRAND_E57A_COUNTRY_6C16,1.1499869
2023-01-01,BRAND_740F_COUNTRY_6C16,0.9930284
2023-01-01,BRAND_056A_COUNTRY_9891,0.93037415
2023-01-01,BRAND_9259_COUNTRY_3536,1.2817504
2023-01-01,BRAND_E57A_COUNTRY_9891,1.1168865
2023-01-01,BRAND_9259_COUNTRY_6C16,1.05886
2023-01-01,BRAND_056A_COUNTRY_4442,1.2856897
2023-01-01,BRAND_C352_COUNTRY_9488,1.1374966
2023-01-01,BRAND_C352_COUNTRY_445D,3.3916948
2023-01-01,BRAND_740F_COUNTRY_3AD0,0.99601096
2023-01-01,BRAND_267B_COUNTRY_9488,1.1086725
2023-01-01,BRAND_6200_COUNTRY_9488,1.1933111
2023-01-01,BRAND_9259_COUNTRY_A67D,1.2169435
2023-01-01,BRAND_E57A_COUNTRY_D5B9,1.9154474
2023-01-01,BRAND_E57A_COUNTRY_53A5,2.3338785
2023-01-01,BRAND_9259_COUNTRY_4242,1.108138
2023-01-01,BRAND_D786_COUNTRY_5A54,1.0639865
2023-01-01,BRAND_7BEC_COUNTRY_445D,1.7442666
2023-01-01,BRAND_267B_COUNTRY_0C7D,1.0670527
2023-01-01,BRAND_2D13_COUNTRY_0C7D,1.0110033
2023-01-01,BRAND_F649_COUNTRY_A67D,1.2157351
2023-01-01,BRAND_D786_COUNTRY_3AD0,1.0852295
2023-01-01,BRAND_A5D5_COUNTRY_7D31,1.3522092
2023-01-01,BRAND_ED43_COUNTRY_7D31,1.1853731
2023-01-01,BRAND_3CEB_COUNTRY_7D31,1.3030719
2023-01-01,BRAND_F649_COUNTRY_4D48,1.1634823
2023-01-01,BRAND_C352_COUNTRY_4D48,1.3278927
2023-01-01,BRAND_6646_COUNTRY_5FEB,2.4304974
2023-01-01,BRAND_740F_COUNTRY_4D48,1.0658901
2023-01-01,BRAND_BDB6_COUNTRY_5FEB,1.3616432
2023-01-01,BRAND_E57A_COUNTRY_3AD0,1.2069176
2023-01-01,BRAND_B94B_COUNTRY_5FEB,1.1581684
2023-01-01,BRAND_E57A_COUNTRY_4D48,1.1450657
2023-01-01,BRAND_C352_COUNTRY_5A54,1.1193763
2023-01-01,BRAND_89E4_COUNTRY_7D31,1.132963
2023-01-01,BRAND_056A_COUNTRY_3AD0,1.1150143
2023-01-01,BRAND_E9AB_COUNTRY_5A54,1.0365471
2023-01-01,BRAND_C94B_COUNTRY_5A54,1.058092
2023-01-01,BRAND_F649_COUNTRY_5A54,1.0687457
2023-01-01,BRAND_C352_COUNTRY_1007,1.4554421
2023-01-01,BRAND_9259_COUNTRY_1007,1.2984897
2023-02-01,BRAND_3CEB_COUNTRY_7D31,1.2495558
2023-02-01,BRAND_740F_COUNTRY_06E4,1.0017707
2023-02-01,BRAND_A5D5_COUNTRY_7D31,1.3178518
2023-02-01,BRAND_F649_COUNTRY_5A54,1.0667983
2023-02-01,BRAND_C352_COUNTRY_5A54,1.2124894
2023-02-01,BRAND_D72F_COUNTRY_1033,1.0690969
2023-02-01,BRAND_AA1F_COUNTRY_06E4,1.061049
2023-02-01,BRAND_E57A_COUNTRY_06E4,1.0924509
2023-02-01,BRAND_89E4_COUNTRY_7D31,1.1851192
2023-02-01,BRAND_740F_COUNTRY_88A3,0.99880236
2023-02-01,BRAND_B79F_COUNTRY_B6AE,1.0309459
2023-02-01,BRAND_056A_COUNTRY_53A5,1.6730536
2023-02-01,BRAND_014B_COUNTRY_06E4,1.0465711
2023-02-01,BRAND_1E6F_COUNTRY_4647,1.014885
2023-02-01,BRAND_D786_COUNTRY_5A54,1.057303
2023-02-01,BRAND_ED43_COUNTRY_7D31,1.1945891
2023-02-01,BRAND_6200_COUNTRY_9488,1.2184659
2023-02-01,BRAND_F649_COUNTRY_EA71,1.0500611
2023-02-01,BRAND_267B_COUNTRY_9488,1.0906265
2023-02-01,BRAND_A5D5_COUNTRY_5FEB,1.4367766
2023-02-01,BRAND_E57A_COUNTRY_0C7D,1.1015604
2023-02-01,BRAND_29F9_COUNTRY_5FEB,2.0135133
2023-02-01,BRAND_E57A_COUNTRY_EA71,1.5504789
2023-02-01,BRAND_7065_COUNTRY_9488,1.2170753
2023-02-01,BRAND_E57A_COUNTRY_4D48,1.1616045
2023-02-01,BRAND_056A_COUNTRY_458E,1.1031966
2023-02-01,BRAND_E9AB_COUNTRY_5A54,1.0443106
2023-02-01,BRAND_C94B_COUNTRY_5A54,1.0639673
2023-02-01,BRAND_F649_COUNTRY_1033,1.1987957
2023-02-01,BRAND_E57A_COUNTRY_D5B9,1.8730294
2023-02-01,BRAND_ACB5_COUNTRY_9488,0.9959437
2023-02-01,BRAND_7BEC_COUNTRY_445D,1.790859
2023-02-01,BRAND_F649_COUNTRY_2E65,1.1519
2023-02-01,BRAND_C352_COUNTRY_445D,3.3276215
2023-02-01,BRAND_D786_COUNTRY_3AD0,1.0790082
2023-02-01,BRAND_740F_COUNTRY_3AD0,1.0038939
2023-02-01,BRAND_D786_COUNTRY_4253,1.3078055
2023-02-01,BRAND_E57A_COUNTRY_6C16,1.0971713
2023-02-01,BRAND_056A_COUNTRY_4442,1.2935886
2023-02-01,BRAND_E57A_COUNTRY_3AD0,1.2150037
2023-02-01,BRAND_248D_COUNTRY_EA71,1.260096
2023-02-01,BRAND_056A_COUNTRY_6C16,0.90826905
2023-02-01,BRAND_056A_COUNTRY_3AD0,1.0876082
2023-02-01,BRAND_740F_COUNTRY_6C16,1.0043519
2023-02-01,BRAND_9E22_COUNTRY_5180,1.0010235
2023-02-01,BRAND_C352_COUNTRY_F78A,1.2013782
2023-02-01,BRAND_014B_COUNTRY_6C16,1.1582524
2023-02-01,BRAND_9259_COUNTRY_6C16,1.0318809
2023-02-01,BRAND_740F_COUNTRY_4D48,1.0646259
2023-02-01,BRAND_BDB6_COUNTRY_5FEB,1.4553901
2023-02-01,BRAND_4F19_COUNTRY_5FEB,1.9682455
2023-02-01,BRAND_4710_COUNTRY_5FEB,1.1058545
2023-02-01,BRAND_E57A_COUNTRY_53A5,2.3515916
2023-02-01,BRAND_C352_COUNTRY_1007,1.4500939
2023-02-01,BRAND_C352_COUNTRY_88A3,1.3880323
2023-02-01,BRAND_9259_COUNTRY_1007,1.304182
2023-02-01,BRAND_E57A_COUNTRY_88A3,1.0158396
2023-02-01,BRAND_9C65_COUNTRY_3536,1.0466553
2023-02-01,BRAND_D786_COUNTRY_1033,0.97519356
2023-02-01,BRAND_D786_COUNTRY_53A5,1.3488747
2023-02-01,BRAND_740F_COUNTRY_53A5,1.1794899
2023-02-01,BRAND_9259_COUNTRY_88A3,1.016422
2023-02-01,BRAND_4888_COUNTRY_AE54,2.3648481
2023-02-01,BRAND_E57A_COUNTRY_5180,1.0852375
2023-02-01,BRAND_9259_COUNTRY_5180,1.1516654
2023-02-01,BRAND_740F_COUNTRY_8B47,1.0109898
2023-02-01,BRAND_056A_COUNTRY_9891,0.9551579
2023-02-01,BRAND_9259_COUNTRY_907E,1.3656098
2023-02-01,BRAND_1E6F_COUNTRY_AE54,1.319139
2023-02-01,BRAND_740F_COUNTRY_5180,1.0149976
2023-02-01,BRAND_D72F_COUNTRY_C89B,1.0106063
2023-02-01,BRAND_F649_COUNTRY_5180,1.1021417
2023-02-01,BRAND_D13E_COUNTRY_9891,1.0531013
2023-02-01,BRAND_BBE0_COUNTRY_C89B,1.0120094
2023-02-01,BRAND_A5D5_COUNTRY_C89B,0.93666613
2023-02-01,BRAND_60F2_COUNTRY_C89B,0.9871669
2023-02-01,BRAND_A12A_COUNTRY_C51E,1.1295167
2023-02-01,BRAND_C352_COUNTRY_8B47,1.3813777
2023-02-01,BRAND_9259_COUNTRY_3536,1.2448218
2023-02-01,BRAND_FB69_COUNTRY_4D48,1.1009483
2023-02-01,BRAND_E57A_COUNTRY_0309,1.4487686
2023-02-01,BRAND_056A_COUNTRY_0309,0.9335968
2023-02-01,BRAND_E57A_COUNTRY_6F78,0.8989711
2023-02-01,BRAND_599D_COUNTRY_C51E,1.0749649
2023-02-01,BRAND_740F_COUNTRY_0309,1.1352848
2023-02-01,BRAND_014B_COUNTRY_0309,1.5695981
2023-02-01,BRAND_BC1F_COUNTRY_C89B,1.2393447
2023-02-01,BRAND_76D6_COUNTRY_AE54,2.14411
2023-02-01,BRAND_12B2_COUNTRY_AE54,2.3712726
2023-02-01,BRAND_9259_COUNTRY_6B71,1.1229279
2023-02-01,BRAND_F649_COUNTRY_FA79,1.0247825
2023-02-01,BRAND_9259_COUNTRY_FA79,1.0320594
2023-02-01,BRAND_C352_COUNTRY_6B71,0.9838448
2023-02-01,BRAND_106A_COUNTRY_E319,0.9206229
2023-02-01,BRAND_9259_COUNTRY_A67D,1.2583201
2023-02-01,BRAND_5E80_COUNTRY_4D48,1.5158405
2023-02-01,BRAND_C352_COUNTRY_C8F4,1.840406
2023-02-01,BRAND_F649_COUNTRY_A67D,1.1324177
2023-02-01,BRAND_8779_COUNTRY_84C8,0.9743068
2023-02-01,BRAND_2D13_COUNTRY_0C7D,1.008581
2023-02-01,BRAND_C352_COUNTRY_9488,1.2313064
2023-02-01,BRAND_267B_COUNTRY_0C7D,1.0529338
2023-02-01,BRAND_6646_COUNTRY_5FEB,2.6221635
2023-02-01,BRAND_B94B_COUNTRY_5FEB,1.264149
2023-02-01,BRAND_E57A_COUNTRY_458E,1.0928304
2023-02-01,BRAND_F649_COUNTRY_4D48,1.2457108
2023-02-01,BRAND_C352_COUNTRY_4D48,1.3427309
2023-02-01,BRAND_FB57_COUNTRY_907E,1.2432477
2023-02-01,BRAND_9259_COUNTRY_89F9,1.276973
2023-02-01,BRAND_D72F_COUNTRY_3536,1.115923
2023-02-01,BRAND_F649_COUNTRY_907E,1.6045623
2023-02-01,BRAND_3938_COUNTRY_907E,0.9824116
2023-02-01,BRAND_740F_COUNTRY_9891,1.0125474
2023-02-01,BRAND_F649_COUNTRY_89F9,1.4910511
2023-02-01,BRAND_056A_COUNTRY_89F9,1.2892536
2023-02-01,BRAND_CFD9_COUNTRY_AE54,1.8606343
2023-02-01,BRAND_C3A1_COUNTRY_5180,1.0692737
2023-02-01,BRAND_B1E8_COUNTRY_AE54,1.6666714
2023-02-01,BRAND_9259_COUNTRY_4242,1.1257677
2023-02-01,BRAND_E57A_COUNTRY_9891,1.0877559
2023-02-01,BRAND_056A_COUNTRY_D8B0,1.734416
2023-03-01,BRAND_C3A1_COUNTRY_5180,1.087275
2023-03-01,BRAND_E9AB_COUNTRY_5A54,1.0626627
2023-03-01,BRAND_BBE0_COUNTRY_C89B,1.0007554
2023-03-01,BRAND_C94B_COUNTRY_5A54,1.0615879
2023-03-01,BRAND_1E6F_COUNTRY_AE54,1.224869
2023-03-01,BRAND_E57A_COUNTRY_4D48,1.1611003
2023-03-01,BRAND_740F_COUNTRY_3AD0,0.97704434
2023-03-01,BRAND_C352_COUNTRY_1007,1.4566334
2023-03-01,BRAND_F649_COUNTRY_4D48,1.2508998
2023-03-01,BRAND_740F_COUNTRY_53A5,1.2122129
2023-03-01,BRAND_A5D5_COUNTRY_7D31,1.3732915
2023-03-01,BRAND_BC1F_COUNTRY_C89B,1.3392259
2023-03-01,BRAND_ED43_COUNTRY_7D31,1.2246548
2023-03-01,BRAND_9259_COUNTRY_3536,1.2563682
2023-03-01,BRAND_E57A_COUNTRY_0309,1.4815038
2023-03-01,BRAND_FB69_COUNTRY_4D48,1.113429
2023-03-01,BRAND_056A_COUNTRY_C8F4,1.0505561
2023-03-01,BRAND_056A_COUNTRY_D8B0,1.8143446
2023-03-01,BRAND_A12A_COUNTRY_C51E,1.1611515
2023-03-01,BRAND_ACB5_COUNTRY_9488,1.015476
2023-03-01,BRAND_B94B_COUNTRY_5FEB,1.2912167
2023-03-01,BRAND_E57A_COUNTRY_9891,1.1153641
2023-03-01,BRAND_C352_COUNTRY_C8F4,1.9970912
2023-03-01,BRAND_014B_COUNTRY_0309,1.5571504
2023-03-01,BRAND_056A_COUNTRY_0309,0.82818985
2023-03-01,BRAND_9259_COUNTRY_4242,1.18877
2023-03-01,BRAND_3CEB_COUNTRY_7D31,1.286384
2023-03-01,BRAND_056A_COUNTRY_6C16,0.9741872
2023-03-01,BRAND_9259_COUNTRY_06E4,1.0136651
2023-03-01,BRAND_056A_COUNTRY_53A5,1.9697114
2023-03-01,BRAND_9C65_COUNTRY_3536,1.0477059
2023-03-01,BRAND_014B_COUNTRY_06E4,1.0515001
2023-03-01,BRAND_4888_COUNTRY_AE54,2.3605251
2023-03-01,BRAND_F649_COUNTRY_89F9,1.5510417
2023-03-01,BRAND_E57A_COUNTRY_6C16,1.0835392
2023-03-01,BRAND_E57A_COUNTRY_5180,1.0907711
2023-03-01,BRAND_D786_COUNTRY_53A5,1.3347781
2023-03-01,BRAND_D13E_COUNTRY_9891,1.0727078
2023-03-01,BRAND_29F9_COUNTRY_5FEB,1.5456128
2023-03-01,BRAND_E57A_COUNTRY_D5B9,2.022663
2023-03-01,BRAND_F649_COUNTRY_A67D,1.1321332
2023-03-01,BRAND_056A_COUNTRY_89F9,1.385945
2023-03-01,BRAND_7BEC_COUNTRY_445D,1.9244324
2023-03-01,BRAND_E57A_COUNTRY_53A5,2.378425
2023-03-01,BRAND_248D_COUNTRY_C89B,1.0975094
2023-03-01,BRAND_A5D5_COUNTRY_C89B,0.9465547
2023-03-01,BRAND_E57A_COUNTRY_06E4,1.0922073
2023-03-01,BRAND_D786_COUNTRY_5A54,1.054928
2023-03-01,BRAND_BDB6_COUNTRY_5FEB,1.5036995
2023-03-01,BRAND_014B_COUNTRY_6C16,1.088121
2023-03-01,BRAND_D72F_COUNTRY_C89B,1.0101306
2023-03-01,BRAND_F649_COUNTRY_5A54,1.0666773
2023-03-01,BRAND_9259_COUNTRY_A67D,1.2534337
2023-03-01,BRAND_E57A_COUNTRY_3AD0,1.1900574
2023-03-01,BRAND_740F_COUNTRY_4D48,1.0760422
2023-03-01,BRAND_4F19_COUNTRY_5FEB,1.7238578
2023-03-01,BRAND_C352_COUNTRY_F78A,1.233304
2023-03-01,BRAND_9259_COUNTRY_1007,1.3527414
2023-03-01,BRAND_740F_COUNTRY_6C16,0.9688868
2023-03-01,BRAND_9E22_COUNTRY_5180,0.99377584
2023-03-01,BRAND_740F_COUNTRY_5180,1.015137
2023-03-01,BRAND_D786_COUNTRY_3AD0,1.0188035
2023-03-01,BRAND_5E80_COUNTRY_4D48,1.4704732
2023-03-01,BRAND_056A_COUNTRY_A67D,0.9847949
2023-03-01,BRAND_C352_COUNTRY_5A54,1.2217853
2023-03-01,BRAND_9259_COUNTRY_5180,1.1536951
2023-03-01,BRAND_4710_COUNTRY_5FEB,1.1871123
2023-03-01,BRAND_B79F_COUNTRY_B6AE,1.0360128
2023-03-01,BRAND_2D13_COUNTRY_0C7D,1.0047337
2023-03-01,BRAND_89E4_COUNTRY_7D31,1.1366007
2023-03-01,BRAND_267B_COUNTRY_0C7D,1.0840428
2023-03-01,BRAND_056A_COUNTRY_3AD0,1.021019
2023-03-01,BRAND_6646_COUNTRY_5FEB,2.3247313
2023-03-01,BRAND_C352_COUNTRY_4D48,1.3683587
2023-03-01,BRAND_056A_COUNTRY_9891,0.983281
2023-03-01,BRAND_9259_COUNTRY_6C16,1.1021165
2023-03-01,BRAND_AA1F_COUNTRY_06E4,1.0568329
2023-03-01,BRAND_1E6F_COUNTRY_4647,1.0095204
2023-03-01,BRAND_740F_COUNTRY_06E4,1.0059954
2023-03-01,BRAND_F649_COUNTRY_FA79,1.0254116
2023-03-01,BRAND_C352_COUNTRY_9488,1.2609766
2023-03-01,BRAND_F649_COUNTRY_5180,1.1017088
2023-03-01,BRAND_106A_COUNTRY_E319,0.90305984
2023-03-01,BRAND_F649_COUNTRY_EA71,1.1369487
2023-03-01,BRAND_12B2_COUNTRY_AE54,2.3013945
2023-03-01,BRAND_E57A_COUNTRY_8B47,1.0489475
2023-03-01,BRAND_599D_COUNTRY_C51E,1.0663819
2023-03-01,BRAND_60F2_COUNTRY_C89B,0.9819721
2023-03-01,BRAND_056A_COUNTRY_4442,1.3535944
2023-03-01,BRAND_6200_COUNTRY_9488,1.2056369
2023-03-01,BRAND_C352_COUNTRY_8B47,1.4288043
2023-03-01,BRAND_9259_COUNTRY_89F9,1.3594925
2023-03-01,BRAND_F649_COUNTRY_2E65,1.201027
2023-03-01,BRAND_267B_COUNTRY_9488,1.1475322
2023-03-01,BRAND_E57A_COUNTRY_EA71,1.4543993
2023-03-01,BRAND_B1E8_COUNTRY_AE54,1.834663
2023-03-01,BRAND_9259_COUNTRY_88A3,1.0166593
2023-03-01,BRAND_E57A_COUNTRY_88A3,1.0294274
2023-03-01,BRAND_9259_COUNTRY_907E,1.3519906
2023-03-01,BRAND_F649_COUNTRY_907E,1.6113178
2023-03-01,BRAND_D72F_COUNTRY_3536,1.0943017
2023-03-01,BRAND_740F_COUNTRY_9891,1.0233957
2023-03-01,BRAND_740F_COUNTRY_8B47,1.0108098
2023-03-01,BRAND_E57A_COUNTRY_0C7D,1.1023242
2023-03-01,BRAND_D786_COUNTRY_1033,1.0078012
2023-03-01,BRAND_C352_COUNTRY_6B71,0.97984076
2023-03-01,BRAND_A5D5_COUNTRY_5FEB,1.4539238
2023-03-01,BRAND_76D6_COUNTRY_AE54,2.333524
2023-03-01,BRAND_7065_COUNTRY_9488,1.2786444
2023-03-01,BRAND_9259_COUNTRY_6B71,1.1226811
2023-03-01,BRAND_3938_COUNTRY_907E,1.0598966
2023-03-01,BRAND_056A_COUNTRY_458E,1.1272275
2023-03-01,BRAND_FB57_COUNTRY_907E,1.2787317
2023-03-01,BRAND_740F_COUNTRY_88A3,0.99528134
2023-03-01,BRAND_C352_COUNTRY_445D,3.55432
2023-03-01,BRAND_9259_COUNTRY_FA79,1.0276186
2023-03-01,BRAND_D72F_COUNTRY_1033,1.1000183
2023-03-01,BRAND_248D_COUNTRY_EA71,1.2248839
2023-03-01,BRAND_F649_COUNTRY_1033,1.2034297
2023-03-01,BRAND_C352_COUNTRY_88A3,1.4040816
2023-03-01,BRAND_CFD9_COUNTRY_AE54,1.7361602
2023-03-01,BRAND_8779_COUNTRY_84C8,0.95443475
2023-03-01,BRAND_D786_COUNTRY_4253,1.2702739
2023-03-01,BRAND_740F_COUNTRY_0309,1.1364002
2023-03-01,BRAND_E57A_COUNTRY_458E,1.1008282
2023-03-01,BRAND_E57A_COUNTRY_6F78,0.8101447
2023-04-01,BRAND_248D_COUNTRY_EA71,1.2259618
2023-04-01,BRAND_740F_COUNTRY_6C16,1.009429
2023-04-01,BRAND_A5D5_COUNTRY_7D31,1.3683413
2023-04-01,BRAND_F649_COUNTRY_2E65,1.1962563
2023-04-01,BRAND_267B_COUNTRY_9488,1.1563482
2023-04-01,BRAND_E57A_COUNTRY_5180,1.0996329
2023-04-01,BRAND_9259_COUNTRY_4242,1.1995022
2023-04-01,BRAND_9259_COUNTRY_5180,1.1512737
2023-04-01,BRAND_C3A1_COUNTRY_5180,1.0665295
2023-04-01,BRAND_A12A_COUNTRY_C51E,1.144967
2023-04-01,BRAND_12B2_COUNTRY_AE54,2.3386166
2023-04-01,BRAND_E57A_COUNTRY_8B47,1.0492681
2023-04-01,BRAND_740F_COUNTRY_3AD0,0.9992819
2023-04-01,BRAND_F649_COUNTRY_EA71,1.0725818
2023-04-01,BRAND_4F19_COUNTRY_5FEB,2.0303416
2023-04-01,BRAND_ACB5_COUNTRY_9488,1.013197
2023-04-01,BRAND_267B_COUNTRY_0C7D,1.0888772
2023-04-01,BRAND_E57A_COUNTRY_0C7D,1.1040492
2023-04-01,BRAND_056A_COUNTRY_3AD0,1.1375226
2023-04-01,BRAND_A5D5_COUNTRY_5FEB,1.4504634
2023-04-01,BRAND_89E4_COUNTRY_7D31,1.1190186
2023-04-01,BRAND_740F_COUNTRY_8B47,1.0145622
2023-04-01,BRAND_E57A_COUNTRY_EA71,1.3800803
2023-04-01,BRAND_3CEB_COUNTRY_7D31,1.3266397
2023-04-01,BRAND_C352_COUNTRY_8B47,1.3503085
2023-04-01,BRAND_9259_COUNTRY_6B71,1.1123321
2023-04-01,BRAND_9C65_COUNTRY_3536,1.0531263
2023-04-01,BRAND_D786_COUNTRY_3AD0,1.0971919
2023-04-01,BRAND_C352_COUNTRY_6B71,0.9804348
2023-04-01,BRAND_FB69_COUNTRY_4D48,1.1134928
2023-04-01,BRAND_7065_COUNTRY_9488,1.2950628
2023-04-01,BRAND_76D6_COUNTRY_AE54,2.399455
2023-04-01,BRAND_599D_COUNTRY_C51E,1.0726483
2023-04-01,BRAND_056A_COUNTRY_6C16,0.8876599
2023-04-01,BRAND_D13E_COUNTRY_9891,1.0589207
2023-04-01,BRAND_E57A_COUNTRY_6C16,1.1018131
2023-04-01,BRAND_F649_COUNTRY_5180,1.0987517
2023-04-01,BRAND_740F_COUNTRY_5180,1.0151718
2023-04-01,BRAND_4888_COUNTRY_AE54,2.3344665
2023-04-01,BRAND_014B_COUNTRY_6C16,1.1137276
2023-04-01,BRAND_248D_COUNTRY_C89B,1.1068202
2023-04-01,BRAND_D72F_COUNTRY_C89B,1.0454615
2023-04-01,BRAND_056A_COUNTRY_5180,0.9022139
2023-04-01,BRAND_9259_COUNTRY_6C16,1.0754135
2023-04-01,BRAND_9E22_COUNTRY_5180,0.9999108
2023-04-01,BRAND_CFD9_COUNTRY_AE54,1.6173601
2023-04-01,BRAND_D786_COUNTRY_4253,1.5015434
2023-04-01,BRAND_E57A_COUNTRY_9891,1.1467532
2023-04-01,BRAND_056A_COUNTRY_89F9,1.5147439
2023-04-01,BRAND_1E6F_COUNTRY_AE54,1.2905071
2023-04-01,BRAND_A5D5_COUNTRY_C89B,0.9544096
2023-04-01,BRAND_9259_COUNTRY_89F9,1.3756454
2023-04-01,BRAND_BBE0_COUNTRY_C89B,0.9926022
2023-04-01,BRAND_F649_COUNTRY_89F9,1.5575922
2023-04-01,BRAND_056A_COUNTRY_D8B0,1.9997362
2023-04-01,BRAND_B1E8_COUNTRY_AE54,2.2559195
2023-04-01,BRAND_056A_COUNTRY_9891,1.0877843
2023-04-01,BRAND_BC1F_COUNTRY_C89B,1.3226843
2023-04-01,BRAND_D72F_COUNTRY_1033,1.0957079
2023-04-01,BRAND_F649_COUNTRY_1033,1.2095938
2023-04-01,BRAND_740F_COUNTRY_53A5,1.2665783
2023-04-01,BRAND_FB57_COUNTRY_907E,1.2844474
2023-04-01,BRAND_D786_COUNTRY_53A5,1.5944147
2023-04-01,BRAND_740F_COUNTRY_4D48,1.0701826
2023-04-01,BRAND_E57A_COUNTRY_6F78,0.9521271
2023-04-01,BRAND_E57A_COUNTRY_458E,1.0975842
2023-04-01,BRAND_740F_COUNTRY_88A3,1.0062176
2023-04-01,BRAND_056A_COUNTRY_458E,1.1290846
2023-04-01,BRAND_9259_COUNTRY_88A3,1.0142102
2023-04-01,BRAND_E57A_COUNTRY_4D48,1.1707358
2023-04-01,BRAND_E57A_COUNTRY_53A5,2.376317
2023-04-01,BRAND_9259_COUNTRY_3536,1.2513617
2023-04-01,BRAND_740F_COUNTRY_9891,1.0108892
2023-04-01,BRAND_8779_COUNTRY_84C8,0.99321806
2023-04-01,BRAND_29F9_COUNTRY_5FEB,2.0601094
2023-04-01,BRAND_9259_COUNTRY_1007,1.3425869
2023-04-01,BRAND_E57A_COUNTRY_3AD0,1.183221
2023-04-01,BRAND_5E80_COUNTRY_4D48,1.5890511
2023-04-01,BRAND_C352_COUNTRY_F78A,1.2268523
2023-04-01,BRAND_D786_COUNTRY_1033,1.0059149
2023-04-01,BRAND_E57A_COUNTRY_0309,1.5838512
2023-04-01,BRAND_C352_COUNTRY_88A3,1.3923976
2023-04-01,BRAND_3938_COUNTRY_907E,1.0935229
2023-04-01,BRAND_056A_COUNTRY_C8F4,1.0093402
2023-04-01,BRAND_6646_COUNTRY_5FEB,2.5413291
2023-04-01,BRAND_C352_COUNTRY_C8F4,1.9067435
2023-04-01,BRAND_C352_COUNTRY_4D48,1.4358385
2023-04-01,BRAND_4710_COUNTRY_5FEB,1.1239996
2023-04-01,BRAND_D72F_COUNTRY_3536,1.1015106
2023-04-01,BRAND_B94B_COUNTRY_5FEB,1.2802334
2023-04-01,BRAND_056A_COUNTRY_0309,1.1465093
2023-04-01,BRAND_F649_COUNTRY_907E,1.6240482
2023-04-01,BRAND_BDB6_COUNTRY_5FEB,1.4713534
2023-04-01,BRAND_014B_COUNTRY_0309,1.664531
2023-04-01,BRAND_F649_COUNTRY_4D48,1.2592139
2023-04-01,BRAND_9259_COUNTRY_907E,1.3407748
2023-04-01,BRAND_B79F_COUNTRY_B6AE,1.0366262
2023-04-01,BRAND_056A_COUNTRY_53A5,2.1242652
2023-04-01,BRAND_9259_COUNTRY_06E4,1.0206348
2023-04-01,BRAND_E57A_COUNTRY_06E4,1.0932704
2023-04-01,BRAND_E57A_COUNTRY_D5B9,1.8256705
2023-04-01,BRAND_740F_COUNTRY_06E4,0.99393725
2023-04-01,BRAND_014B_COUNTRY_06E4,1.0771389
2023-04-01,BRAND_AA1F_COUNTRY_06E4,1.0604275
2023-04-01,BRAND_D786_COUNTRY_5A54,1.0601004
2023-04-01,BRAND_2D13_COUNTRY_0C7D,0.9961424
2023-04-01,BRAND_6200_COUNTRY_9488,1.2158352
2023-04-01,BRAND_F649_COUNTRY_A67D,1.129805
2023-04-01,BRAND_056A_COUNTRY_445D,1.00779
2023-04-01,BRAND_740F_COUNTRY_9488,1.0476118
2023-04-01,BRAND_1E6F_COUNTRY_4647,1.0125222
2023-04-01,BRAND_F649_COUNTRY_5A54,1.0735612
2023-04-01,BRAND_9259_COUNTRY_A67D,1.253207
2023-04-01,BRAND_7BEC_COUNTRY_445D,1.9077231
2023-04-01,BRAND_C352_COUNTRY_445D,3.3421814
2023-04-01,BRAND_056A_COUNTRY_A67D,0.95199656
2023-04-01,BRAND_F649_COUNTRY_FA79,1.0278116
2023-04-01,BRAND_C352_COUNTRY_5A54,1.1933655
2023-04-01,BRAND_E57A_COUNTRY_88A3,1.0394856
2023-04-01,BRAND_C352_COUNTRY_1007,1.4696406
2023-04-01,BRAND_740F_COUNTRY_0309,1.1756753
2023-04-01,BRAND_E57A_COUNTRY_9488,1.0874933
2023-04-01,BRAND_ED43_COUNTRY_7D31,1.1823252
2023-04-01,BRAND_C352_COUNTRY_9488,1.3457822
2023-04-01,BRAND_C94B_COUNTRY_5A54,1.0332454
2023-04-01,BRAND_106A_COUNTRY_E319,0.9294617
2023-04-01,BRAND_E9AB_COUNTRY_5A54,1.0561172
2023-04-01,BRAND_9259_COUNTRY_FA79,1.0320514
2023-04-01,BRAND_60F2_COUNTRY_C89B,0.9890546
2023-04-01,BRAND_056A_COUNTRY_4442,1.3257821
2023-05-01,BRAND_C352_COUNTRY_4D48,1.396063
2023-05-01,BRAND_056A_COUNTRY_458E,1.1407174
2023-05-01,BRAND_C352_COUNTRY_1007,1.3195984
2023-05-01,BRAND_F649_COUNTRY_907E,1.7274002
2023-05-01,BRAND_E57A_COUNTRY_4D48,1.1708093
2023-05-01,BRAND_740F_COUNTRY_5180,1.0152695
2023-05-01,BRAND_740F_COUNTRY_9891,0.9941615
2023-05-01,BRAND_740F_COUNTRY_0309,1.2137959
2023-05-01,BRAND_C352_COUNTRY_907E,1.1886489
2023-05-01,BRAND_3938_COUNTRY_907E,1.107633
2023-05-01,BRAND_6646_COUNTRY_5FEB,2.3406072
2023-05-01,BRAND_1E6F_COUNTRY_AE54,1.2900512
2023-05-01,BRAND_9259_COUNTRY_1007,1.3627453
2023-05-01,BRAND_740F_COUNTRY_88A3,1.0010571
2023-05-01,BRAND_D72F_COUNTRY_3536,1.105744
2023-05-01,BRAND_F649_COUNTRY_1033,1.2104244
2023-05-01,BRAND_D786_COUNTRY_4D48,1.0280753
2023-05-01,BRAND_BC1F_COUNTRY_C89B,1.4053571
2023-05-01,BRAND_E57A_COUNTRY_88A3,1.0365862
2023-05-01,BRAND_BDB6_COUNTRY_5FEB,1.4953892
2023-05-01,BRAND_A5D5_COUNTRY_C89B,0.9769704
2023-05-01,BRAND_5E80_COUNTRY_4D48,1.5337741
2023-05-01,BRAND_D786_COUNTRY_4253,1.4581198
2023-05-01,BRAND_9259_COUNTRY_06E4,1.0421702
2023-05-01,BRAND_FB69_COUNTRY_4D48,1.1357304
2023-05-01,BRAND_740F_COUNTRY_3AD0,0.96672237
2023-05-01,BRAND_056A_COUNTRY_89F9,1.7159086
2023-05-01,BRAND_C352_COUNTRY_8B47,1.392357
2023-05-01,BRAND_8779_COUNTRY_84C8,0.94802475
2023-05-01,BRAND_9259_COUNTRY_3536,1.2568414
2023-05-01,BRAND_D786_COUNTRY_3AD0,1.1839364
2023-05-01,BRAND_F649_COUNTRY_4D48,1.2856858
2023-05-01,BRAND_9259_COUNTRY_88A3,1.0192999
2023-05-01,BRAND_740F_COUNTRY_4D48,1.072552
2023-05-01,BRAND_056A_COUNTRY_4242,0.86817545
2023-05-01,BRAND_D786_COUNTRY_53A5,1.4850247
2023-05-01,BRAND_E57A_COUNTRY_6F78,1.0517219
2023-05-01,BRAND_E57A_COUNTRY_458E,1.1300834
2023-05-01,BRAND_B94B_COUNTRY_5FEB,1.3719089
2023-05-01,BRAND_B79F_COUNTRY_B6AE,1.0365309
2023-05-01,BRAND_C352_COUNTRY_F78A,1.2021998
2023-05-01,BRAND_4710_COUNTRY_5FEB,1.1944023
2023-05-01,BRAND_E57A_COUNTRY_53A5,2.3658688
2023-05-01,BRAND_C352_COUNTRY_C8F4,1.9060555
2023-05-01,BRAND_9259_COUNTRY_E319,1.1761739
2023-05-01,BRAND_056A_COUNTRY_C8F4,1.0772558
2023-05-01,BRAND_056A_COUNTRY_53A5,2.2234776
2023-05-01,BRAND_248D_COUNTRY_C89B,1.103569
2023-05-01,BRAND_014B_COUNTRY_6C16,1.1527811
2023-05-01,BRAND_C352_COUNTRY_88A3,1.3311644
2023-05-01,BRAND_9C65_COUNTRY_3536,1.0461581
2023-05-01,BRAND_9259_COUNTRY_4242,1.2332553
2023-05-01,BRAND_F649_COUNTRY_C8F4,1.0343212
2023-05-01,BRAND_29F9_COUNTRY_5FEB,2.1941433
2023-05-01,BRAND_E57A_COUNTRY_3AD0,1.266157
2023-05-01,BRAND_E57A_COUNTRY_0309,1.5722014
2023-05-01,BRAND_B1E8_COUNTRY_AE54,2.0137587
2023-05-01,BRAND_056A_COUNTRY_0309,1.2046543
2023-05-01,BRAND_CFD9_COUNTRY_AE54,1.6357502
2023-05-01,BRAND_740F_COUNTRY_53A5,1.3428067
2023-05-01,BRAND_2D13_COUNTRY_0C7D,1.0012125
2023-05-01,BRAND_D72F_COUNTRY_1033,1.137073
2023-05-01,BRAND_BBE0_COUNTRY_C89B,1.0023704
2023-05-01,BRAND_FB57_COUNTRY_907E,1.3040847
2023-05-01,BRAND_9E22_COUNTRY_5180,1.0098765
2023-05-01,BRAND_056A_COUNTRY_3AD0,1.3057518
2023-05-01,BRAND_740F_COUNTRY_6C16,1.0159972
2023-05-01,BRAND_014B_COUNTRY_0309,1.7461674
2023-05-01,BRAND_D72F_COUNTRY_C89B,1.0489147
2023-05-01,BRAND_267B_COUNTRY_0C7D,1.0864832
2023-05-01,BRAND_89E4_COUNTRY_7D31,1.1093962
2023-05-01,BRAND_9259_COUNTRY_907E,1.4579107
2023-05-01,BRAND_D13E_COUNTRY_9891,1.0192304
2023-05-01,BRAND_D786_COUNTRY_1033,1.0686741
2023-05-01,BRAND_C352_COUNTRY_0C7D,1.148501
2023-05-01,BRAND_9259_COUNTRY_A67D,1.2167276
2023-05-01,BRAND_056A_COUNTRY_D8B0,1.9285864
2023-05-01,BRAND_ED43_COUNTRY_7D31,1.2647718
2023-05-01,BRAND_76D6_COUNTRY_AE54,2.2716858
2023-05-01,BRAND_7065_COUNTRY_9488,1.2859958
2023-05-01,BRAND_A5D5_COUNTRY_5FEB,1.4819188
2023-05-01,BRAND_C94B_COUNTRY_5A54,1.0444368
2023-05-01,BRAND_056A_COUNTRY_6B71,1.0270965
2023-05-01,BRAND_E9AB_COUNTRY_5A54,1.0587733
2023-05-01,BRAND_F649_COUNTRY_A67D,1.1438048
2023-05-01,BRAND_C3A1_COUNTRY_5180,1.0977559
2023-05-01,BRAND_C352_COUNTRY_6B71,0.97762305
2023-05-01,BRAND_056A_COUNTRY_4442,1.4048727
2023-05-01,BRAND_9259_COUNTRY_89F9,1.3918661
2023-05-01,BRAND_60F2_COUNTRY_C89B,0.9819262
2023-05-01,BRAND_9259_COUNTRY_6C16,1.0785447
2023-05-01,BRAND_740F_COUNTRY_06E4,0.99799025
2023-05-01,BRAND_E57A_COUNTRY_9891,1.1569403
2023-05-01,BRAND_4888_COUNTRY_AE54,1.545136
2023-05-01,BRAND_ACB5_COUNTRY_9488,1.0294043
2023-05-01,BRAND_A12A_COUNTRY_C51E,1.141194
2023-05-01,BRAND_7BEC_COUNTRY_445D,1.7750612
2023-05-01,BRAND_F649_COUNTRY_5A54,1.0938962
2023-05-01,BRAND_E57A_COUNTRY_0C7D,1.1066443
2023-05-01,BRAND_C352_COUNTRY_5A54,1.2463899
2023-05-01,BRAND_056A_COUNTRY_A67D,0.95004857
2023-05-01,BRAND_056A_COUNTRY_5A54,1.024263
2023-05-01,BRAND_9259_COUNTRY_5180,1.1520604
2023-05-01,BRAND_740F_COUNTRY_8B47,1.0151687
2023-05-01,BRAND_3CEB_COUNTRY_7D31,1.3209907
2023-05-01,BRAND_056A_COUNTRY_6C16,0.9343732
2023-05-01,BRAND_9259_COUNTRY_6B71,1.1420847
2023-05-01,BRAND_7BEC_COUNTRY_4253,1.128425
2023-05-01,BRAND_4F19_COUNTRY_5FEB,2.00009
2023-05-01,BRAND_A5D5_COUNTRY_7D31,1.3988856
2023-05-01,BRAND_248D_COUNTRY_EA71,1.26929
2023-05-01,BRAND_E57A_COUNTRY_6C16,1.0817618
2023-05-01,BRAND_12B2_COUNTRY_AE54,2.1887975
2023-05-01,BRAND_E57A_COUNTRY_8B47,1.0538831
2023-05-01,BRAND_014B_COUNTRY_06E4,1.083221
2023-05-01,BRAND_F649_COUNTRY_89F9,1.6192148
2023-05-01,BRAND_599D_COUNTRY_C51E,1.070633
2023-05-01,BRAND_056A_COUNTRY_06E4,1.0426443
2023-05-01,BRAND_D786_COUNTRY_5A54,1.05526
2023-05-01,BRAND_267B_COUNTRY_9488,1.1551453
2023-05-01,BRAND_E57A_COUNTRY_06E4,1.0886043
2023-05-01,BRAND_E57A_COUNTRY_EA71,1.3868401
2023-05-01,BRAND_F649_COUNTRY_2E65,1.1994026
2023-05-01,BRAND_056A_COUNTRY_9891,1.086769
2023-05-01,BRAND_F649_COUNTRY_D5B9,1.0181566
2023-05-01,BRAND_E57A_COUNTRY_D5B9,2.2553022
2023-05-01,BRAND_F649_COUNTRY_FA79,1.0292099
2023-05-01,BRAND_9259_COUNTRY_FA79,1.0526651
2023-05-01,BRAND_AA1F_COUNTRY_06E4,1.0602075
2023-05-01,BRAND_F649_COUNTRY_5180,1.1065989
2023-05-01,BRAND_106A_COUNTRY_E319,0.93189245
2023-05-01,BRAND_E57A_COUNTRY_5180,1.0963614
2023-05-01,BRAND_F649_COUNTRY_EA71,1.132361
2023-05-01,BRAND_6200_COUNTRY_9488,1.2139552
2023-05-01,BRAND_056A_COUNTRY_445D,1.0798867
2023-05-01,BRAND_C352_COUNTRY_445D,3.3064976
2023-05-01,BRAND_740F_COUNTRY_9488,1.0710018
2023-05-01,BRAND_056A_COUNTRY_5180,0.92882425
2023-05-01,BRAND_E57A_COUNTRY_9488,1.1219074
2023-05-01,BRAND_1E6F_COUNTRY_4647,1.0301799
2023-05-01,BRAND_C352_COUNTRY_9488,1.3588132
2023-06-01,BRAND_D786_COUNTRY_4253,1.4547354
2023-06-01,BRAND_056A_COUNTRY_458E,1.1415157
2023-06-01,BRAND_F649_COUNTRY_EA71,1.1488453
2023-06-01,BRAND_E57A_COUNTRY_EA71,1.3949971
2023-06-01,BRAND_E57A_COUNTRY_9891,1.1544061
2023-06-01,BRAND_E57A_COUNTRY_458E,1.1410438
2023-06-01,BRAND_C352_COUNTRY_C8F4,1.7862577
2023-06-01,BRAND_D72F_COUNTRY_1033,1.1119452
2023-06-01,BRAND_FB57_COUNTRY_907E,1.3027174
2023-06-01,BRAND_E57A_COUNTRY_0309,1.6028478
2023-06-01,BRAND_C352_COUNTRY_8B47,1.3611168
2023-06-01,BRAND_E57A_COUNTRY_0C7D,1.0877494
2023-06-01,BRAND_C352_COUNTRY_0C7D,1.1716762
2023-06-01,BRAND_F649_COUNTRY_C8F4,1.0356251
2023-06-01,BRAND_E57A_COUNTRY_6F78,1.2283068
2023-06-01,BRAND_E57A_COUNTRY_8B47,1.0629047
2023-06-01,BRAND_9259_COUNTRY_4242,1.1854051
2023-06-01,BRAND_056A_COUNTRY_4242,0.92881083
2023-06-01,BRAND_A12A_COUNTRY_C51E,1.1392362
2023-06-01,BRAND_F649_COUNTRY_2E65,1.203359
2023-06-01,BRAND_ACB5_COUNTRY_9488,1.0233502
2023-06-01,BRAND_6200_COUNTRY_9488,1.2018692
2023-06-01,BRAND_D786_COUNTRY_5A54,1.0578405
2023-06-01,BRAND_B94B_COUNTRY_5FEB,1.3732415
2023-06-01,BRAND_3938_COUNTRY_907E,1.1363328
2023-06-01,BRAND_F649_COUNTRY_4D48,1.3162351
2023-06-01,BRAND_740F_COUNTRY_88A3,1.0061988
2023-06-01,BRAND_740F_COUNTRY_8B47,1.0205735
2023-06-01,BRAND_9259_COUNTRY_E319,1.1917505
2023-06-01,BRAND_056A_COUNTRY_6B71,1.029503
2023-06-01,BRAND_F649_COUNTRY_907E,1.7419552
2023-06-01,BRAND_056A_COUNTRY_D8B0,1.9201733
2023-06-01,BRAND_12B2_COUNTRY_AE54,2.0817928
2023-06-01,BRAND_F649_COUNTRY_1033,1.2001176
2023-06-01,BRAND_267B_COUNTRY_9488,1.1536183
2023-06-01,BRAND_056A_COUNTRY_0309,1.389215
2023-06-01,BRAND_A5D5_COUNTRY_5FEB,1.5115342
2023-06-01,BRAND_D72F_COUNTRY_3536,1.1051096
2023-06-01,BRAND_60F2_COUNTRY_C89B,0.99497604
2023-06-01,BRAND_056A_COUNTRY_4442,1.3993769
2023-06-01,BRAND_C352_COUNTRY_6B71,1.0768337
2023-06-01,BRAND_9259_COUNTRY_3536,1.2641515
2023-06-01,BRAND_E57A_COUNTRY_88A3,1.044521
2023-06-01,BRAND_F649_COUNTRY_221C,1.0998839
2023-06-01,BRAND_C352_COUNTRY_907E,1.2702202
2023-06-01,BRAND_76D6_COUNTRY_AE54,2.3398702
2023-06-01,BRAND_7065_COUNTRY_9488,1.3876582
2023-06-01,BRAND_E57A_COUNTRY_9488,1.129102
2023-06-01,BRAND_740F_COUNTRY_9891,1.0151865
2023-06-01,BRAND_CFD9_COUNTRY_AE54,1.6435905
2023-06-01,BRAND_9259_COUNTRY_88A3,1.0383149
2023-06-01,BRAND_FB69_COUNTRY_4D48,1.1325595
2023-06-01,BRAND_C352_COUNTRY_9488,1.39343
2023-06-01,BRAND_9259_COUNTRY_6B71,1.1424739
2023-06-01,BRAND_8779_COUNTRY_84C8,0.941752
2023-06-01,BRAND_248D_COUNTRY_EA71,1.2692046
2023-06-01,BRAND_7BEC_COUNTRY_4253,1.2107612
2023-06-01,BRAND_056A_COUNTRY_C8F4,1.1079686
2023-06-01,BRAND_B1E8_COUNTRY_AE54,2.0641801
2023-06-01,BRAND_014B_COUNTRY_0309,1.7753901
2023-06-01,BRAND_740F_COUNTRY_0309,1.1289449
2023-06-01,BRAND_C352_COUNTRY_88A3,1.3113824
2023-06-01,BRAND_D786_COUNTRY_1033,1.0212377
2023-06-01,BRAND_C352_COUNTRY_445D,3.45466
2023-06-01,BRAND_9259_COUNTRY_907E,1.491694
2023-06-01,BRAND_9259_COUNTRY_FA79,1.0516844
2023-06-01,BRAND_7250_COUNTRY_D8B0,1.7216977
2023-06-01,BRAND_106A_COUNTRY_E319,0.9934176
2023-06-01,BRAND_599D_COUNTRY_C51E,1.084288
2023-06-01,BRAND_740F_COUNTRY_06E4,0.99793243
2023-06-01,BRAND_BBE0_COUNTRY_C89B,1.0132143
2023-06-01,BRAND_D13E_COUNTRY_9891,1.0298344
2023-06-01,BRAND_1E6F_COUNTRY_AE54,1.2604127
2023-06-01,BRAND_E57A_COUNTRY_53A5,2.5252845
2023-06-01,BRAND_056A_COUNTRY_445D,1.1136863
2023-06-01,BRAND_E57A_COUNTRY_3AD0,1.2984968
2023-06-01,BRAND_BDB6_COUNTRY_5FEB,1.4201839
2023-06-01,BRAND_740F_COUNTRY_53A5,1.2721746
2023-06-01,BRAND_740F_COUNTRY_9488,1.0575235
2023-06-01,BRAND_AA1F_COUNTRY_06E4,1.1004957
2023-06-01,BRAND_B79F_COUNTRY_B6AE,1.040008
2023-06-01,BRAND_F649_COUNTRY_FA79,1.0321494
2023-06-01,BRAND_056A_COUNTRY_53A5,2.156247
2023-06-01,BRAND_056A_COUNTRY_06E4,1.0548971
2023-06-01,BRAND_D786_COUNTRY_4D48,1.0428889
2023-06-01,BRAND_E9AB_COUNTRY_5A54,1.0626656
2023-06-01,BRAND_2D13_COUNTRY_0C7D,0.99795157
2023-06-01,BRAND_9259_COUNTRY_5180,1.1647047
2023-06-01,BRAND_D786_COUNTRY_3AD0,1.1537269
2023-06-01,BRAND_7BEC_COUNTRY_445D,1.9055732
2023-06-01,BRAND_C3A1_COUNTRY_5180,1.1171733
2023-06-01,BRAND_C94B_COUNTRY_5A54,1.0672857
2023-06-01,BRAND_89E4_COUNTRY_7D31,1.1135106
2023-06-01,BRAND_9E22_COUNTRY_5180,1.0011023
2023-06-01,BRAND_BC1F_COUNTRY_C89B,1.5038682
2023-06-01,BRAND_F649_COUNTRY_5180,1.10507
2023-06-01,BRAND_29F9_COUNTRY_5FEB,2.1543322
2023-06-01,BRAND_056A_COUNTRY_5180,0.93295646
2023-06-01,BRAND_4710_COUNTRY_5FEB,1.1402444
2023-06-01,BRAND_4F19_COUNTRY_5FEB,2.0074081
2023-06-01,BRAND_740F_COUNTRY_4D48,1.0934473
2023-06-01,BRAND_9259_COUNTRY_89F9,1.4795747
2023-06-01,BRAND_9259_COUNTRY_6C16,1.057596
2023-06-01,BRAND_D786_COUNTRY_53A5,1.4948244
2023-06-01,BRAND_A5D5_COUNTRY_C89B,0.9608405
2023-06-01,BRAND_1E6F_COUNTRY_4647,1.0488938
2023-06-01,BRAND_248D_COUNTRY_C89B,1.1061059
2023-06-01,BRAND_014B_COUNTRY_6C16,1.1400586
2023-06-01,BRAND_D72F_COUNTRY_C89B,1.0595018
2023-06-01,BRAND_C352_COUNTRY_F78A,1.2223036
2023-06-01,BRAND_056A_COUNTRY_9891,1.1070626
2023-06-01,BRAND_9259_COUNTRY_06E4,1.0013247
2023-06-01,BRAND_740F_COUNTRY_3AD0,0.9906705
2023-06-01,BRAND_6646_COUNTRY_5FEB,2.2233107
2023-06-01,BRAND_F649_COUNTRY_89F9,1.6739025
2023-06-01,BRAND_014B_COUNTRY_06E4,1.0918608
2023-06-01,BRAND_056A_COUNTRY_1007,1.3048773
2023-06-01,BRAND_F649_COUNTRY_D5B9,1.0047752
2023-06-01,BRAND_9259_COUNTRY_1007,1.4538392
2023-06-01,BRAND_E57A_COUNTRY_6C16,1.1096609
2023-06-01,BRAND_C352_COUNTRY_4D48,1.3932832
2023-06-01,BRAND_C352_COUNTRY_5A54,1.2450047
2023-06-01,BRAND_056A_COUNTRY_A67D,0.9304279
2023-06-01,BRAND_E57A_COUNTRY_5180,1.1385274
2023-06-01,BRAND_F649_COUNTRY_A67D,1.1859536
2023-06-01,BRAND_5E80_COUNTRY_4D48,1.5444494
2023-06-01,BRAND_4888_COUNTRY_AE54,1.4184582
2023-06-01,BRAND_C352_COUNTRY_1007,1.898508
2023-06-01,BRAND_740F_COUNTRY_5180,1.0183296
2023-06-01,BRAND_E57A_COUNTRY_06E4,1.0892766
2023-06-01,BRAND_E57A_COUNTRY_4D48,1.1813889
2023-06-01,BRAND_056A_COUNTRY_6C16,0.93431884
2023-06-01,BRAND_E57A_COUNTRY_D5B9,2.2316487
2023-06-01,BRAND_9C65_COUNTRY_3536,1.0396415
2023-06-01,BRAND_F649_COUNTRY_5A54,1.06863
2023-06-01,BRAND_3CEB_COUNTRY_7D31,1.342622
2023-06-01,BRAND_9259_COUNTRY_A67D,1.2285075
2023-06-01,BRAND_056A_COUNTRY_5A54,1.0072339
2023-06-01,BRAND_A5D5_COUNTRY_7D31,1.3912919
2023-06-01,BRAND_056A_COUNTRY_89F9,1.7679585
2023-06-01,BRAND_056A_COUNTRY_3AD0,1.1840817
2023-06-01,BRAND_ED43_COUNTRY_7D31,1.2599741
2023-06-01,BRAND_267B_COUNTRY_0C7D,1.1050124
2023-06-01,BRAND_740F_COUNTRY_6C16,0.9814746
2023-07-01,BRAND_12B2_COUNTRY_AE54,2.0972972
2023-07-01,BRAND_F649_COUNTRY_EA71,1.141958
2023-07-01,BRAND_106A_COUNTRY_E319,0.9685613
2023-07-01,BRAND_740F_COUNTRY_9488,1.075348
2023-07-01,BRAND_248D_COUNTRY_EA71,1.2420341
2023-07-01,BRAND_E57A_COUNTRY_5180,1.1037081
2023-07-01,BRAND_056A_COUNTRY_06E4,1.0905329
2023-07-01,BRAND_E57A_COUNTRY_8B47,1.0573145
2023-07-01,BRAND_014B_COUNTRY_06E4,1.0884569
2023-07-01,BRAND_F649_COUNTRY_89F9,1.7909888
2023-07-01,BRAND_F649_COUNTRY_5180,1.1083694
2023-07-01,BRAND_9259_COUNTRY_FA79,1.0610331
2023-07-01,BRAND_C352_COUNTRY_445D,3.1322892
2023-07-01,BRAND_1E6F_COUNTRY_4647,1.0860997
2023-07-01,BRAND_C352_COUNTRY_9488,1.3610516
2023-07-01,BRAND_FEAE_COUNTRY_77DA,0.9630339
2023-07-01,BRAND_056A_COUNTRY_5180,0.9307477
2023-07-01,BRAND_E57A_COUNTRY_9488,1.1367174
2023-07-01,BRAND_056A_COUNTRY_445D,1.363216
2023-07-01,BRAND_E57A_COUNTRY_6C16,1.0928928
2023-07-01,BRAND_E57A_COUNTRY_EA71,1.4309398
2023-07-01,BRAND_E57A_COUNTRY_D5B9,2.0117335
2023-07-01,BRAND_056A_COUNTRY_89F9,1.799404
2023-07-01,BRAND_267B_COUNTRY_9488,1.140844
2023-07-01,BRAND_B1E8_COUNTRY_AE54,2.195274
2023-07-01,BRAND_9259_COUNTRY_1007,1.4630224
2023-07-01,BRAND_E57A_COUNTRY_06E4,1.093514
2023-07-01,BRAND_9259_COUNTRY_EA71,0.9790467
2023-07-01,BRAND_C352_COUNTRY_8B47,1.3316282
2023-07-01,BRAND_9259_COUNTRY_06E4,1.0461283
2023-07-01,BRAND_D786_COUNTRY_5A54,1.0860989
2023-07-01,BRAND_599D_COUNTRY_C51E,1.0800928
2023-07-01,BRAND_F649_COUNTRY_A67D,1.2033529
2023-07-01,BRAND_056A_COUNTRY_9891,1.1289685
2023-07-01,BRAND_F649_COUNTRY_2E65,1.2177532
2023-07-01,BRAND_F649_COUNTRY_D5B9,1.0328033
2023-07-01,BRAND_056A_COUNTRY_6B71,1.0491552
2023-07-01,BRAND_056A_COUNTRY_D8B0,2.0389555
2023-07-01,BRAND_7BEC_COUNTRY_4253,1.1759336
2023-07-01,BRAND_ED43_COUNTRY_7D31,1.1491667
2023-07-01,BRAND_E57A_COUNTRY_9891,1.1904467
2023-07-01,BRAND_7BEC_COUNTRY_445D,2.0383866
2023-07-01,BRAND_F649_COUNTRY_5A54,1.1066169
2023-07-01,BRAND_9259_COUNTRY_5180,1.1699935
2023-07-01,BRAND_056A_COUNTRY_5A54,1.0357466
2023-07-01,BRAND_9259_COUNTRY_A67D,1.1331896
2023-07-01,BRAND_C352_COUNTRY_0C7D,1.1724617
2023-07-01,BRAND_7065_COUNTRY_9488,1.3417298
2023-07-01,BRAND_056A_COUNTRY_6C16,1.0107073
2023-07-01,BRAND_4888_COUNTRY_AE54,1.5813727
2023-07-01,BRAND_C352_COUNTRY_6B71,1.0895854
2023-07-01,BRAND_E57A_COUNTRY_0C7D,1.093673
2023-07-01,BRAND_C3A1_COUNTRY_5180,1.0659436
2023-07-01,BRAND_9259_COUNTRY_0C7D,1.1263723
2023-07-01,BRAND_740F_COUNTRY_8B47,1.0210476
2023-07-01,BRAND_056A_COUNTRY_A67D,1.0197437
2023-07-01,BRAND_A5D5_COUNTRY_5FEB,1.5226266
2023-07-01,BRAND_E9AB_COUNTRY_5A54,1.0679408
2023-07-01,BRAND_C352_COUNTRY_5A54,1.264651
2023-07-01,BRAND_6200_COUNTRY_9488,1.2025006
2023-07-01,BRAND_740F_COUNTRY_06E4,1.0001845
2023-07-01,BRAND_F649_COUNTRY_FA79,1.041979
2023-07-01,BRAND_AA1F_COUNTRY_06E4,1.0572271
2023-07-01,BRAND_A5D5_COUNTRY_7D31,1.3920066
2023-07-01,BRAND_76D6_COUNTRY_AE54,2.5261147
2023-07-01,BRAND_ACB5_COUNTRY_9488,1.0230019
2023-07-01,BRAND_C94B_COUNTRY_5A54,1.0525309
2023-07-01,BRAND_9259_COUNTRY_6B71,1.1495506
2023-07-01,BRAND_A12A_COUNTRY_C51E,1.1446948
2023-07-01,BRAND_9259_COUNTRY_89F9,1.5140654
2023-07-01,BRAND_9259_COUNTRY_6C16,1.0824413
2023-07-01,BRAND_60F2_COUNTRY_C89B,0.9686426
2023-07-01,BRAND_056A_COUNTRY_4442,1.4227949
2023-07-01,BRAND_FB57_COUNTRY_907E,1.3020362
2023-07-01,BRAND_056A_COUNTRY_3AD0,1.2492883
2023-07-01,BRAND_9C65_COUNTRY_3536,1.0343074
2023-07-01,BRAND_056A_COUNTRY_0309,1.2439018
2023-07-01,BRAND_9259_COUNTRY_88A3,1.0223626
2023-07-01,BRAND_740F_COUNTRY_4D48,1.0891042
2023-07-01,BRAND_740F_COUNTRY_53A5,1.275439
2023-07-01,BRAND_BBE0_COUNTRY_C89B,1.0033749
2023-07-01,BRAND_D72F_COUNTRY_3536,1.1234086
2023-07-01,BRAND_2D13_COUNTRY_0C7D,0.9957819
2023-07-01,BRAND_C352_COUNTRY_C8F4,1.9972106
2023-07-01,BRAND_740F_COUNTRY_6C16,1.0790066
2023-07-01,BRAND_9259_COUNTRY_4242,1.2337614
2023-07-01,BRAND_1E6F_COUNTRY_AE54,1.2567401
2023-07-01,BRAND_D786_COUNTRY_4D48,1.0708033
2023-07-01,BRAND_BC1F_COUNTRY_C89B,1.4324485
2023-07-01,BRAND_9259_COUNTRY_E319,1.2128713
2023-07-01,BRAND_C352_COUNTRY_907E,1.348472
2023-07-01,BRAND_CFD9_COUNTRY_AE54,1.54771
2023-07-01,BRAND_A5D5_COUNTRY_C89B,0.9763903
2023-07-01,BRAND_E57A_COUNTRY_88A3,1.049062
2023-07-01,BRAND_D786_COUNTRY_53A5,1.5893525
2023-07-01,BRAND_BDB6_COUNTRY_5FEB,1.4285161
2023-07-01,BRAND_FB69_COUNTRY_4D48,1.151697
2023-07-01,BRAND_740F_COUNTRY_3AD0,0.99632174
2023-07-01,BRAND_F649_COUNTRY_221C,1.1299002
2023-07-01,BRAND_9259_COUNTRY_3536,1.2766452
2023-07-01,BRAND_E57A_COUNTRY_0309,1.6386995
2023-07-01,BRAND_F649_COUNTRY_C8F4,1.1019762
2023-07-01,BRAND_056A_COUNTRY_C8F4,1.1822667
2023-07-01,BRAND_3CEB_COUNTRY_7D31,1.4059289
2023-07-01,BRAND_267B_COUNTRY_0C7D,1.1039948
2023-07-01,BRAND_014B_COUNTRY_0309,1.7430702
2023-07-01,BRAND_89E4_COUNTRY_7D31,1.2029852
2023-07-01,BRAND_9E22_COUNTRY_5180,1.0020719
2023-07-01,BRAND_7250_COUNTRY_D8B0,1.9905173
2023-07-01,BRAND_740F_COUNTRY_5180,1.055407
2023-07-01,BRAND_740F_COUNTRY_0309,1.1466864
2023-07-01,BRAND_056A_COUNTRY_4242,0.94511807
2023-07-01,BRAND_740F_COUNTRY_88A3,0.9998614
2023-07-01,BRAND_D786_COUNTRY_3AD0,1.1671966
2023-07-01,BRAND_8779_COUNTRY_84C8,0.94372976
2023-07-01,BRAND_D72F_COUNTRY_1033,1.0926087
2023-07-01,BRAND_056A_COUNTRY_458E,1.1436673
2023-07-01,BRAND_C352_COUNTRY_4D48,1.4074934
2023-07-01,BRAND_6646_COUNTRY_5FEB,2.231426
2023-07-01,BRAND_056A_COUNTRY_3536,1.0157064
2023-07-01,BRAND_E57A_COUNTRY_4D48,1.1859105
2023-07-01,BRAND_C352_COUNTRY_1007,1.9562285
2023-07-01,BRAND_F649_COUNTRY_1033,1.208431
2023-07-01,BRAND_056A_COUNTRY_1007,1.380778
2023-07-01,BRAND_3938_COUNTRY_907E,1.164749
2023-07-01,BRAND_E57A_COUNTRY_6F78,1.1711564
2023-07-01,BRAND_B94B_COUNTRY_5FEB,1.3622955
2023-07-01,BRAND_248D_COUNTRY_C89B,1.121236
2023-07-01,BRAND_4710_COUNTRY_5FEB,1.1890589
2023-07-01,BRAND_C352_COUNTRY_F78A,1.3506509
2023-07-01,BRAND_056A_COUNTRY_53A5,2.3006532
2023-07-01,BRAND_014B_COUNTRY_6C16,1.0924146
2023-07-01,BRAND_D786_COUNTRY_1033,1.0309014
2023-07-01,BRAND_F649_COUNTRY_907E,1.7253913
2023-07-01,BRAND_740F_COUNTRY_9891,1.0153168
2023-07-01,BRAND_B79F_COUNTRY_B6AE,1.0794228
2023-07-01,BRAND_D13E_COUNTRY_9891,0.9875581
2023-07-01,BRAND_9259_COUNTRY_907E,1.5317847
2023-07-01,BRAND_D72F_COUNTRY_C89B,1.0538368
2023-07-01,BRAND_4F19_COUNTRY_5FEB,1.9765671
2023-07-01,BRAND_5E80_COUNTRY_4D48,1.571339
2023-07-01,BRAND_F649_COUNTRY_4D48,1.3152258
2023-07-01,BRAND_E57A_COUNTRY_458E,1.1379005
2023-07-01,BRAND_D786_COUNTRY_4253,1.4684947
2023-07-01,BRAND_29F9_COUNTRY_5FEB,2.1273096
2023-07-01,BRAND_E57A_COUNTRY_53A5,2.6214063
2023-07-01,BRAND_C352_COUNTRY_88A3,1.4188879
2023-07-01,BRAND_E57A_COUNTRY_3AD0,1.3436095
2023-08-01,BRAND_9259_COUNTRY_907E,1.5126563
2023-08-01,BRAND_740F_COUNTRY_9891,0.9915078
2023-08-01,BRAND_C352_COUNTRY_907E,1.4992697
2023-08-01,BRAND_9259_COUNTRY_1007,1.450674
2023-08-01,BRAND_D72F_COUNTRY_3536,1.1219536
2023-08-01,BRAND_056A_COUNTRY_4242,0.96723104
2023-08-01,BRAND_7250_COUNTRY_D8B0,1.8724208
2023-08-01,BRAND_B1E8_COUNTRY_AE54,2.1888802
2023-08-01,BRAND_E57A_COUNTRY_9891,1.1564603
2023-08-01,BRAND_056A_COUNTRY_D8B0,2.0737658
2023-08-01,BRAND_C352_COUNTRY_1007,1.9194149
2023-08-01,BRAND_9259_COUNTRY_E319,1.1874256
2023-08-01,BRAND_740F_COUNTRY_06E4,0.9915275
2023-08-01,BRAND_1E6F_COUNTRY_4647,1.0485803
2023-08-01,BRAND_AA1F_COUNTRY_06E4,1.0671257
2023-08-01,BRAND_9259_COUNTRY_4242,1.2158393
2023-08-01,BRAND_014B_COUNTRY_06E4,1.0836037
2023-08-01,BRAND_E57A_COUNTRY_06E4,1.0911609
2023-08-01,BRAND_CFD9_COUNTRY_AE54,1.4900439
2023-08-01,BRAND_056A_COUNTRY_6B71,1.0345021
2023-08-01,BRAND_9259_COUNTRY_06E4,1.0335953
2023-08-01,BRAND_E57A_COUNTRY_6F78,1.2156938
2023-08-01,BRAND_740F_COUNTRY_0309,1.172343
2023-08-01,BRAND_9259_COUNTRY_3536,1.3148087
2023-08-01,BRAND_E57A_COUNTRY_0309,1.7454355
2023-08-01,BRAND_F649_COUNTRY_907E,1.748301
2023-08-01,BRAND_9259_COUNTRY_6B71,1.1491845
2023-08-01,BRAND_F649_COUNTRY_D5B9,1.0235976
2023-08-01,BRAND_C352_COUNTRY_0C7D,1.1766497
2023-08-01,BRAND_9259_COUNTRY_A67D,1.1735812
2023-08-01,BRAND_3938_COUNTRY_907E,1.2137979
2023-08-01,BRAND_014B_COUNTRY_0309,1.7786384
2023-08-01,BRAND_056A_COUNTRY_0309,1.4377761
2023-08-01,BRAND_FB69_COUNTRY_4D48,1.1431906
2023-08-01,BRAND_056A_COUNTRY_1007,1.3628324
2023-08-01,BRAND_9C65_COUNTRY_3536,1.040381
2023-08-01,BRAND_FB57_COUNTRY_907E,1.405228
2023-08-01,BRAND_056A_COUNTRY_3536,1.004856
2023-08-01,BRAND_4F19_COUNTRY_5FEB,1.9798515
2023-08-01,BRAND_76D6_COUNTRY_AE54,2.5071695
2023-08-01,BRAND_C352_COUNTRY_6B71,1.202625
2023-08-01,BRAND_740F_COUNTRY_5180,1.0160469
2023-08-01,BRAND_740F_COUNTRY_53A5,1.2716157
2023-08-01,BRAND_F649_COUNTRY_5180,1.133559
2023-08-01,BRAND_D786_COUNTRY_53A5,1.716825
2023-08-01,BRAND_740F_COUNTRY_6F78,0.96975166
2023-08-01,BRAND_D786_COUNTRY_D8B0,1.1245394
2023-08-01,BRAND_056A_COUNTRY_EF33,1.0447017
2023-08-01,BRAND_E57A_COUNTRY_5180,1.1110599
2023-08-01,BRAND_1E6F_COUNTRY_AE54,1.192322
2023-08-01,BRAND_E57A_COUNTRY_3AD0,1.3224818
2023-08-01,BRAND_056A_COUNTRY_4442,1.4359218
2023-08-01,BRAND_056A_COUNTRY_5180,0.990506
2023-08-01,BRAND_E57A_COUNTRY_53A5,2.5946543
2023-08-01,BRAND_056A_COUNTRY_9891,1.1804123
2023-08-01,BRAND_9259_COUNTRY_5180,1.2036972
2023-08-01,BRAND_4888_COUNTRY_AE54,1.4370245
2023-08-01,BRAND_4710_COUNTRY_5FEB,1.0968485
2023-08-01,BRAND_60F2_COUNTRY_C89B,0.99151313
2023-08-01,BRAND_C352_COUNTRY_5A54,1.2592574
2023-08-01,BRAND_056A_COUNTRY_5A54,1.0408256
2023-08-01,BRAND_12B2_COUNTRY_AE54,1.988165
2023-08-01,BRAND_E57A_COUNTRY_8B47,1.0607048
2023-08-01,BRAND_F649_COUNTRY_2E65,1.1941583
2023-08-01,BRAND_C352_COUNTRY_8B47,1.4102294
2023-08-01,BRAND_3CEB_COUNTRY_7D31,1.3895812
2023-08-01,BRAND_C94B_COUNTRY_5A54,1.0556188
2023-08-01,BRAND_E9AB_COUNTRY_5A54,1.0692885
2023-08-01,BRAND_ED43_COUNTRY_7D31,1.1581476
2023-08-01,BRAND_A5D5_COUNTRY_7D31,1.3894469
2023-08-01,BRAND_F649_COUNTRY_5A54,1.1012136
2023-08-01,BRAND_056A_COUNTRY_06E4,1.0579318
2023-08-01,BRAND_D786_COUNTRY_5A54,1.0863148
2023-08-01,BRAND_9259_COUNTRY_FA79,1.0601866
2023-08-01,BRAND_F649_COUNTRY_FA79,1.0424211
2023-08-01,BRAND_89E4_COUNTRY_7D31,1.1480976
2023-08-01,BRAND_740F_COUNTRY_8B47,1.022559
2023-08-01,BRAND_056A_COUNTRY_3AD0,1.1953126
2023-08-01,BRAND_106A_COUNTRY_E319,0.9979497
2023-08-01,BRAND_C352_COUNTRY_F78A,1.2583926
2023-08-01,BRAND_014B_COUNTRY_6C16,1.199198
2023-08-01,BRAND_FEAE_COUNTRY_77DA,0.9383397
2023-08-01,BRAND_C352_COUNTRY_9488,1.3584594
2023-08-01,BRAND_E57A_COUNTRY_9488,1.1305386
2023-08-01,BRAND_740F_COUNTRY_3AD0,0.94634116
2023-08-01,BRAND_248D_COUNTRY_C89B,1.1122423
2023-08-01,BRAND_D786_COUNTRY_1033,1.0314876
2023-08-01,BRAND_C352_COUNTRY_445D,3.3461587
2023-08-01,BRAND_056A_COUNTRY_53A5,2.4319139
2023-08-01,BRAND_29F9_COUNTRY_5FEB,2.224466
2023-08-01,BRAND_C3A1_COUNTRY_5180,1.0782489
2023-08-01,BRAND_F649_COUNTRY_EA71,1.1563383
2023-08-01,BRAND_ACB5_COUNTRY_9488,1.0242891
2023-08-01,BRAND_056A_COUNTRY_445D,1.3704427
2023-08-01,BRAND_7BEC_COUNTRY_4253,1.2159461
2023-08-01,BRAND_C352_COUNTRY_88A3,1.5440108
2023-08-01,BRAND_89E4_COUNTRY_3F0E,0.96263504
2023-08-01,BRAND_E9AB_COUNTRY_C89B,1.023617
2023-08-01,BRAND_740F_COUNTRY_9488,1.0533278
2023-08-01,BRAND_9259_COUNTRY_6C16,1.1000206
2023-08-01,BRAND_9259_COUNTRY_89F9,1.4876095
2023-08-01,BRAND_F649_COUNTRY_221C,1.1386266
2023-08-01,BRAND_A5D5_COUNTRY_5FEB,1.472629
2023-08-01,BRAND_E57A_COUNTRY_88A3,1.0582801
2023-08-01,BRAND_A5D5_COUNTRY_C89B,0.97919273
2023-08-01,BRAND_7065_COUNTRY_9488,1.351429
2023-08-01,BRAND_BDB6_COUNTRY_5FEB,1.4227791
2023-08-01,BRAND_B79F_COUNTRY_B6AE,1.0551207
2023-08-01,BRAND_D13E_COUNTRY_9891,0.9875059
2023-08-01,BRAND_740F_COUNTRY_4D48,1.1199484
2023-08-01,BRAND_BBE0_COUNTRY_C89B,1.0148052
2023-08-01,BRAND_9259_COUNTRY_88A3,1.0251014
2023-08-01,BRAND_D72F_COUNTRY_C89B,1.0641059
2023-08-01,BRAND_267B_COUNTRY_9488,1.1286376
2023-08-01,BRAND_740F_COUNTRY_6C16,1.033076
2023-08-01,BRAND_9DA9_COUNTRY_3F0E,1.0496204
2023-08-01,BRAND_BC1F_COUNTRY_C89B,1.3476539
2023-08-01,BRAND_740F_COUNTRY_88A3,1.0055684
2023-08-01,BRAND_C352_COUNTRY_4D48,1.3996748
2023-08-01,BRAND_F649_COUNTRY_1033,1.2050997
2023-08-01,BRAND_056A_COUNTRY_458E,1.1336898
2023-08-01,BRAND_D72F_COUNTRY_1033,1.1125038
2023-08-01,BRAND_E57A_COUNTRY_EA71,1.4304942
2023-08-01,BRAND_E57A_COUNTRY_D5B9,1.9123329
2023-08-01,BRAND_056A_COUNTRY_89F9,1.8211483
2023-08-01,BRAND_6646_COUNTRY_5FEB,2.4464757
2023-08-01,BRAND_7BEC_COUNTRY_445D,1.9783715
2023-08-01,BRAND_E57A_COUNTRY_4D48,1.2067437
2023-08-01,BRAND_267B_COUNTRY_0C7D,1.0798266
2023-08-01,BRAND_6200_COUNTRY_9488,1.212777
2023-08-01,BRAND_D786_COUNTRY_4D48,1.0712254
2023-08-01,BRAND_9259_COUNTRY_EA71,1.0713737
2023-08-01,BRAND_E57A_COUNTRY_458E,1.136036
2023-08-01,BRAND_F649_COUNTRY_89F9,1.8176931
2023-08-01,BRAND_B94B_COUNTRY_5FEB,1.4127519
2023-08-01,BRAND_F649_COUNTRY_4D48,1.2828434
2023-08-01,BRAND_2D13_COUNTRY_0C7D,1.0003887
2023-08-01,BRAND_E57A_COUNTRY_0C7D,1.1235025
2023-08-01,BRAND_A12A_COUNTRY_C51E,1.1347632
2023-08-01,BRAND_9E22_COUNTRY_5180,1.0063725
2023-08-01,BRAND_056A_COUNTRY_C8F4,1.259151
2023-08-01,BRAND_5E80_COUNTRY_4D48,1.5603666
2023-08-01,BRAND_D786_COUNTRY_4253,1.4247984
2023-08-01,BRAND_C352_COUNTRY_C8F4,1.7854748
2023-08-01,BRAND_8779_COUNTRY_84C8,0.9885053
2023-08-01,BRAND_056A_COUNTRY_6C16,1.0693976
2023-08-01,BRAND_D786_COUNTRY_3AD0,1.2266569
2023-08-01,BRAND_9259_COUNTRY_0C7D,1.147828
2023-08-01,BRAND_248D_COUNTRY_EA71,1.2769994
2023-08-01,BRAND_F649_COUNTRY_C8F4,1.0898037
2023-08-01,BRAND_056A_COUNTRY_A67D,1.0673022
2023-08-01,BRAND_E57A_COUNTRY_6C16,1.0825999
2023-08-01,BRAND_F649_COUNTRY_A67D,1.2417419
2023-08-01,BRAND_E9AB_COUNTRY_8DBB,1.1453674
2023-08-01,BRAND_599D_COUNTRY_C51E,1.0762159
2023-09-01,BRAND_7BEC_COUNTRY_4253,1.2530149
2023-09-01,BRAND_056A_COUNTRY_6B71,1.0755033
2023-09-01,BRAND_7065_COUNTRY_9488,1.4222063
2023-09-01,BRAND_A5D5_COUNTRY_5FEB,1.4803818
2023-09-01,BRAND_C352_COUNTRY_6B71,1.1983186
2023-09-01,BRAND_9259_COUNTRY_5180,1.1822426
2023-09-01,BRAND_056A_COUNTRY_89F9,1.8629235
2023-09-01,BRAND_FB69_COUNTRY_4D48,1.1493058
2023-09-01,BRAND_056A_COUNTRY_6C16,1.1511606
2023-09-01,BRAND_E57A_COUNTRY_6C16,1.1394181
2023-09-01,BRAND_C352_COUNTRY_0C7D,1.1896348
2023-09-01,BRAND_4888_COUNTRY_AE54,1.2798831
2023-09-01,BRAND_ACB5_COUNTRY_9488,1.0217276
2023-09-01,BRAND_3938_COUNTRY_907E,1.2566488
2023-09-01,BRAND_740F_COUNTRY_88A3,1.0023259
2023-09-01,BRAND_056A_COUNTRY_5180,0.9939705
2023-09-01,BRAND_FB57_COUNTRY_907E,1.3907815
2023-09-01,BRAND_056A_COUNTRY_3536,1.0059358
2023-09-01,BRAND_A5D5_COUNTRY_7D31,1.3535088
2023-09-01,BRAND_740F_COUNTRY_6F78,1.0048403
2023-09-01,BRAND_056A_COUNTRY_458E,1.1235046
2023-09-01,BRAND_E57A_COUNTRY_458E,1.1463735
2023-09-01,BRAND_E57A_COUNTRY_6F78,1.1405642
2023-09-01,BRAND_056A_COUNTRY_4242,0.97149724
2023-09-01,BRAND_D786_COUNTRY_4253,1.4133475
2023-09-01,BRAND_B1E8_COUNTRY_AE54,2.2403324
2023-09-01,BRAND_D72F_COUNTRY_1033,1.1076245
2023-09-01,BRAND_D786_COUNTRY_D8B0,1.2893308
2023-09-01,BRAND_F649_COUNTRY_221C,1.1641465
2023-09-01,BRAND_599D_COUNTRY_C51E,1.0826651
2023-09-01,BRAND_A12A_COUNTRY_C51E,1.1381706
2023-09-01,BRAND_056A_COUNTRY_D8B0,2.1681705
2023-09-01,BRAND_E57A_COUNTRY_9891,1.235003
2023-09-01,BRAND_E57A_COUNTRY_5180,1.164521
2023-09-01,BRAND_9259_COUNTRY_6B71,1.1506146
2023-09-01,BRAND_056A_COUNTRY_0309,1.5376741
2023-09-01,BRAND_76D6_COUNTRY_AE54,2.3882866
2023-09-01,BRAND_F649_COUNTRY_89F9,1.9006883
2023-09-01,BRAND_9259_COUNTRY_4242,1.29061
2023-09-01,BRAND_E57A_COUNTRY_0C7D,1.1150188
2023-09-01,BRAND_9259_COUNTRY_1007,1.5563217
2023-09-01,BRAND_E57A_COUNTRY_3AD0,1.2600352
2023-09-01,BRAND_056A_COUNTRY_1007,1.5844376
2023-09-01,BRAND_2D13_COUNTRY_0C7D,0.99917483
2023-09-01,BRAND_E57A_COUNTRY_4D48,1.2127293
2023-09-01,BRAND_89E4_COUNTRY_3F0E,0.974209
2023-09-01,BRAND_B94B_COUNTRY_5FEB,1.4044182
2023-09-01,BRAND_89E4_COUNTRY_7D31,1.1448514
2023-09-01,BRAND_267B_COUNTRY_0C7D,1.1552294
2023-09-01,BRAND_DB5A_COUNTRY_1007,0.95609844
2023-09-01,BRAND_C352_COUNTRY_4D48,1.3844262
2023-09-01,BRAND_D786_COUNTRY_3AD0,1.1606419
2023-09-01,BRAND_BDB6_COUNTRY_5FEB,1.4162568
2023-09-01,BRAND_3CEB_COUNTRY_7D31,1.3673766
2023-09-01,BRAND_E57A_COUNTRY_53A5,2.7229497
2023-09-01,BRAND_5E80_COUNTRY_4D48,1.6154112
2023-09-01,BRAND_740F_COUNTRY_0309,1.1817988
2023-09-01,BRAND_9259_COUNTRY_6C16,1.0881122
2023-09-01,BRAND_8779_COUNTRY_84C8,0.9492874
2023-09-01,BRAND_9259_COUNTRY_3536,1.2970327
2023-09-01,BRAND_4F19_COUNTRY_5FEB,2.0096302
2023-09-01,BRAND_056A_COUNTRY_53A5,2.620521
2023-09-01,BRAND_29F9_COUNTRY_5FEB,2.1842418
2023-09-01,BRAND_E57A_COUNTRY_0309,1.7789565
2023-09-01,BRAND_056A_COUNTRY_C8F4,1.2353905
2023-09-01,BRAND_C352_COUNTRY_C8F4,1.9474697
2023-09-01,BRAND_056A_COUNTRY_9891,1.2311025
2023-09-01,BRAND_014B_COUNTRY_0309,1.7587142
2023-09-01,BRAND_9259_COUNTRY_89F9,1.4758499
2023-09-01,BRAND_F649_COUNTRY_C8F4,1.1195637
2023-09-01,BRAND_740F_COUNTRY_3AD0,0.9416694
2023-09-01,BRAND_740F_COUNTRY_53A5,1.2504451
2023-09-01,BRAND_4710_COUNTRY_5FEB,1.2196738
2023-09-01,BRAND_9DA9_COUNTRY_3F0E,1.1145608
2023-09-01,BRAND_E9AB_COUNTRY_8DBB,1.197982
2023-09-01,BRAND_C352_COUNTRY_F78A,1.2934653
2023-09-01,BRAND_C352_COUNTRY_1007,1.9505924
2023-09-01,BRAND_6646_COUNTRY_5FEB,2.2762284
2023-09-01,BRAND_056A_COUNTRY_3AD0,1.2651331
2023-09-01,BRAND_740F_COUNTRY_4D48,1.0908781
2023-09-01,BRAND_B79F_COUNTRY_B6AE,1.0546814
2023-09-01,BRAND_F649_COUNTRY_4D48,1.2922311
2023-09-01,BRAND_D786_COUNTRY_4D48,1.0728912
2023-09-01,BRAND_D786_COUNTRY_53A5,1.5959419
2023-09-01,BRAND_740F_COUNTRY_6C16,1.0710914
2023-09-01,BRAND_9C65_COUNTRY_3536,1.0409023
2023-09-01,BRAND_7250_COUNTRY_D8B0,2.3495045
2023-09-01,BRAND_1E6F_COUNTRY_AE54,1.2488557
2023-09-01,BRAND_D786_COUNTRY_5A54,1.0796016
2023-09-01,BRAND_BBE0_COUNTRY_C89B,0.9944106
2023-09-01,BRAND_F649_COUNTRY_A67D,1.28653
2023-09-01,BRAND_056A_COUNTRY_A67D,0.9756908
2023-09-01,BRAND_C352_COUNTRY_5A54,1.251309
2023-09-01,BRAND_A5D5_COUNTRY_C89B,0.9417368
2023-09-01,BRAND_72DA_COUNTRY_B6AE,1.0263045
2023-09-01,BRAND_DB5A_COUNTRY_3AD0,1.1315509
2023-09-01,BRAND_9E22_COUNTRY_5180,1.0219694
2023-09-01,BRAND_056A_COUNTRY_445D,1.441557
2023-09-01,BRAND_9259_COUNTRY_EA71,1.0724746
2023-09-01,BRAND_F649_COUNTRY_2E65,1.1948439
2023-09-01,BRAND_C352_COUNTRY_8B47,1.4120991
2023-09-01,BRAND_267B_COUNTRY_9488,1.182099
2023-09-01,BRAND_BC1F_COUNTRY_C89B,1.4684175
2023-09-01,BRAND_014B_COUNTRY_06E4,1.0901939
2023-09-01,BRAND_E9AB_COUNTRY_5A54,1.0740846
2023-09-01,BRAND_D72F_COUNTRY_C89B,1.0754842
2023-09-01,BRAND_248D_COUNTRY_C89B,1.1453983
2023-09-01,BRAND_D13E_COUNTRY_9891,1.0087826
2023-09-01,BRAND_ED43_COUNTRY_7D31,1.1767421
2023-09-01,BRAND_C94B_COUNTRY_5A54,1.0511628
2023-09-01,BRAND_056A_COUNTRY_5A54,1.0761112
2023-09-01,BRAND_014B_COUNTRY_6C16,1.1524103
2023-09-01,BRAND_056A_COUNTRY_06E4,1.1097157
2023-09-01,BRAND_E57A_COUNTRY_9488,1.1326379
2023-09-01,BRAND_106A_COUNTRY_E319,1.0044764
2023-09-01,BRAND_12B2_COUNTRY_AE54,2.0641544
2023-09-01,BRAND_C3A1_COUNTRY_5180,1.0761609
2023-09-01,BRAND_C352_COUNTRY_9488,1.3959568
2023-09-01,BRAND_9259_COUNTRY_FA79,1.0584407
2023-09-01,BRAND_C352_COUNTRY_445D,3.2498271
2023-09-01,BRAND_60F2_COUNTRY_C89B,1.0064296
2023-09-01,BRAND_056A_COUNTRY_4442,1.4294232
2023-09-01,BRAND_F649_COUNTRY_EA71,1.1219497
2023-09-01,BRAND_248D_COUNTRY_EA71,1.2706343
2023-09-01,BRAND_E57A_COUNTRY_EA71,1.4437449
2023-09-01,BRAND_6200_COUNTRY_9488,1.2042055
2023-09-01,BRAND_E57A_COUNTRY_8B47,1.0736227
2023-09-01,BRAND_056A_COUNTRY_EA71,1.0573574
2023-09-01,BRAND_740F_COUNTRY_8B47,1.0283594
2023-09-01,BRAND_9259_COUNTRY_0C7D,1.1508986
2023-09-01,BRAND_D786_COUNTRY_9891,0.9609106
2023-09-01,BRAND_9259_COUNTRY_E319,1.2034762
2023-09-01,BRAND_9259_COUNTRY_907E,1.4847953
2023-09-01,BRAND_E57A_COUNTRY_88A3,1.0564533
2023-09-01,BRAND_CFD9_COUNTRY_AE54,1.4783367
2023-09-01,BRAND_F649_COUNTRY_1033,1.2124629
2023-09-01,BRAND_D786_COUNTRY_1033,1.0743617
2023-09-01,BRAND_740F_COUNTRY_9891,1.0323536
2023-09-01,BRAND_C352_COUNTRY_88A3,1.5564319
2023-09-01,BRAND_F649_COUNTRY_5A54,1.1014627
2023-09-01,BRAND_9259_COUNTRY_88A3,1.0250975
2023-09-01,BRAND_D72F_COUNTRY_3536,1.1332134
2023-09-01,BRAND_F649_COUNTRY_5180,1.134054
2023-09-01,BRAND_F649_COUNTRY_907E,1.7490592
2023-09-01,BRAND_C352_COUNTRY_907E,1.6275086
2023-09-01,BRAND_056A_COUNTRY_EF33,1.0714252
2023-09-01,BRAND_F649_COUNTRY_FA79,1.0465527
2023-09-01,BRAND_9259_COUNTRY_A67D,1.188272
2023-09-01,BRAND_3938_COUNTRY_5A54,1.0216691
2023-09-01,BRAND_7BEC_COUNTRY_445D,1.9469515
2023-09-01,BRAND_E9AB_COUNTRY_C89B,1.0228158
2023-09-01,BRAND_FEAE_COUNTRY_77DA,0.9802567
2023-09-01,BRAND_1E6F_COUNTRY_4647,1.1253687
2023-09-01,BRAND_740F_COUNTRY_5180,1.0429809
2023-09-01,BRAND_E57A_COUNTRY_06E4,1.0915285
2023-09-01,BRAND_E57A_COUNTRY_D5B9,1.9177675
2023-09-01,BRAND_AA1F_COUNTRY_06E4,1.0926392
2023-09-01,BRAND_740F_COUNTRY_06E4,0.9872693
2023-09-01,BRAND_740F_COUNTRY_9488,1.0477442
2023-09-01,BRAND_9259_COUNTRY_06E4,1.0606155
2023-09-01,BRAND_F649_COUNTRY_D5B9,1.0174693
2023-10-01,BRAND_F649_COUNTRY_D5B9,1.0615299
2023-10-01,BRAND_6646_COUNTRY_5FEB,2.510588
2023-10-01,BRAND_014B_COUNTRY_6C16,1.145629
2023-10-01,BRAND_BC1F_COUNTRY_C89B,1.475312
2023-10-01,BRAND_7BEC_COUNTRY_445D,2.0057433
2023-10-01,BRAND_056A_COUNTRY_4253,0.97240347
2023-10-01,BRAND_248D_COUNTRY_EA71,1.2795714
2023-10-01,BRAND_7250_COUNTRY_D8B0,3.0753968
2023-10-01,BRAND_9259_COUNTRY_06E4,1.0621116
2023-10-01,BRAND_E57A_COUNTRY_88A3,1.0491304
2023-10-01,BRAND_056A_COUNTRY_EF33,1.0793148
2023-10-01,BRAND_C94B_COUNTRY_5A54,1.0752157
2023-10-01,BRAND_F649_COUNTRY_907E,1.7659621
2023-10-01,BRAND_DB5A_COUNTRY_3AD0,1.3687174
2023-10-01,BRAND_9259_COUNTRY_907E,1.5322344
2023-10-01,BRAND_E57A_COUNTRY_8B47,1.0589402
2023-10-01,BRAND_C352_COUNTRY_5A54,1.2614038
2023-10-01,BRAND_B79F_COUNTRY_B6AE,1.0617486
2023-10-01,BRAND_056A_COUNTRY_A67D,1.0832874
2023-10-01,BRAND_C352_COUNTRY_88A3,1.5236665
2023-10-01,BRAND_C352_COUNTRY_1007,2.1079054
2023-10-01,BRAND_E9AB_COUNTRY_C89B,0.96883225
2023-10-01,BRAND_A5D5_COUNTRY_C89B,0.9693255
2023-10-01,BRAND_9259_COUNTRY_89F9,1.4712868
2023-10-01,BRAND_2D13_COUNTRY_0C7D,0.9995416
2023-10-01,BRAND_BDB6_COUNTRY_5FEB,1.4686629
2023-10-01,BRAND_740F_COUNTRY_0309,1.1572381
2023-10-01,BRAND_267B_COUNTRY_9488,1.171446
2023-10-01,BRAND_89E4_COUNTRY_7D31,1.1224512
2023-10-01,BRAND_740F_COUNTRY_8B47,1.0256519
2023-10-01,BRAND_9259_COUNTRY_0C7D,1.1612871
2023-10-01,BRAND_12B2_COUNTRY_AE54,2.04075
2023-10-01,BRAND_F649_COUNTRY_EA71,1.1652529
2023-10-01,BRAND_9259_COUNTRY_3536,1.294823
2023-10-01,BRAND_E57A_COUNTRY_0309,1.7933512
2023-10-01,BRAND_D786_COUNTRY_53A5,1.6375817
2023-10-01,BRAND_F649_COUNTRY_C8F4,1.0936667
2023-10-01,BRAND_D786_COUNTRY_4D48,1.0905586
2023-10-01,BRAND_056A_COUNTRY_C8F4,1.1698785
2023-10-01,BRAND_E57A_COUNTRY_0C7D,1.1741602
2023-10-01,BRAND_A5D5_COUNTRY_7D31,1.4348503
2023-10-01,BRAND_D786_COUNTRY_5A54,1.0807906
2023-10-01,BRAND_E57A_COUNTRY_4D48,1.2093326
2023-10-01,BRAND_4F19_COUNTRY_5FEB,2.0115826
2023-10-01,BRAND_89E4_COUNTRY_3F0E,0.9919375
2023-10-01,BRAND_D13E_COUNTRY_9891,1.0278225
2023-10-01,BRAND_D72F_COUNTRY_C89B,1.1073685
2023-10-01,BRAND_E57A_COUNTRY_1007,1.1236043
2023-10-01,BRAND_CFD9_COUNTRY_AE54,1.4736475
2023-10-01,BRAND_C352_COUNTRY_907E,1.6771617
2023-10-01,BRAND_740F_COUNTRY_06E4,0.99645156
2023-10-01,BRAND_740F_COUNTRY_3AD0,0.9692249
2023-10-01,BRAND_F649_COUNTRY_1033,1.2527875
2023-10-01,BRAND_F649_COUNTRY_A67D,1.2399077
2023-10-01,BRAND_E9AB_COUNTRY_5A54,1.0847632
2023-10-01,BRAND_72DA_COUNTRY_B6AE,1.0438893
2023-10-01,BRAND_D786_COUNTRY_1033,1.0738344
2023-10-01,BRAND_740F_COUNTRY_9891,0.9617471
2023-10-01,BRAND_AA1F_COUNTRY_06E4,1.095657
2023-10-01,BRAND_248D_COUNTRY_C89B,1.1482872
2023-10-01,BRAND_3CEB_COUNTRY_7D31,1.4446661
2023-10-01,BRAND_E57A_COUNTRY_D5B9,1.9691639
2023-10-01,BRAND_740F_COUNTRY_5180,1.0263911
2023-10-01,BRAND_9259_COUNTRY_88A3,1.053905
2023-10-01,BRAND_D786_COUNTRY_9891,0.90185344
2023-10-01,BRAND_D72F_COUNTRY_3536,1.1802598
2023-10-01,BRAND_9259_COUNTRY_A67D,1.1745946
2023-10-01,BRAND_C352_COUNTRY_F78A,1.3184199
2023-10-01,BRAND_E57A_COUNTRY_06E4,1.0979425
2023-10-01,BRAND_056A_COUNTRY_06E4,1.0932068
2023-10-01,BRAND_014B_COUNTRY_06E4,1.0848697
2023-10-01,BRAND_056A_COUNTRY_53A5,2.5861742
2023-10-01,BRAND_1E6F_COUNTRY_AE54,1.2824615
2023-10-01,BRAND_056A_COUNTRY_5A54,1.0683737
2023-10-01,BRAND_9259_COUNTRY_E319,1.1958659
2023-10-01,BRAND_9259_COUNTRY_1007,1.568922
2023-10-01,BRAND_F649_COUNTRY_5A54,1.101731
2023-10-01,BRAND_9E22_COUNTRY_5180,0.9972486
2023-10-01,BRAND_BBE0_COUNTRY_C89B,1.0088878
2023-10-01,BRAND_ED43_COUNTRY_7D31,1.1803365
2023-10-01,BRAND_3938_COUNTRY_5A54,1.037154
2023-10-01,BRAND_4710_COUNTRY_5FEB,1.2582306
2023-10-01,BRAND_8779_COUNTRY_84C8,0.9527145
2023-10-01,BRAND_056A_COUNTRY_3AD0,1.2562776
2023-10-01,BRAND_4888_COUNTRY_AE54,1.3857242
2023-10-01,BRAND_FB57_COUNTRY_907E,1.4000198
2023-10-01,BRAND_740F_COUNTRY_88A3,0.9958018
2023-10-01,BRAND_E57A_COUNTRY_9488,1.1343336
2023-10-01,BRAND_C3A1_COUNTRY_5180,1.0763661
2023-10-01,BRAND_9DA9_COUNTRY_3F0E,1.0984235
2023-10-01,BRAND_E57A_COUNTRY_53A5,2.9079087
2023-10-01,BRAND_E57A_COUNTRY_6C16,1.1612467
2023-10-01,BRAND_C352_COUNTRY_445D,3.33566
2023-10-01,BRAND_F649_COUNTRY_FA79,1.0496587
2023-10-01,BRAND_9259_COUNTRY_5180,1.184464
2023-10-01,BRAND_1E6F_COUNTRY_4647,1.1328775
2023-10-01,BRAND_056A_COUNTRY_458E,1.1306449
2023-10-01,BRAND_F649_COUNTRY_4D48,1.2913941
2023-10-01,BRAND_740F_COUNTRY_6F78,0.9944112
2023-10-01,BRAND_D786_COUNTRY_4253,1.4678973
2023-10-01,BRAND_B1E8_COUNTRY_AE54,2.304843
2023-10-01,BRAND_D72F_COUNTRY_1033,1.1157317
2023-10-01,BRAND_740F_COUNTRY_9488,1.0907787
2023-10-01,BRAND_056A_COUNTRY_4242,0.979729
2023-10-01,BRAND_740F_COUNTRY_6C16,1.0132574
2023-10-01,BRAND_F649_COUNTRY_89F9,1.9367206
2023-10-01,BRAND_056A_COUNTRY_6C16,1.1244549
2023-10-01,BRAND_106A_COUNTRY_E319,0.96663135
2023-10-01,BRAND_E57A_COUNTRY_5180,1.1294136
2023-10-01,BRAND_C352_COUNTRY_9488,1.3955836
2023-10-01,BRAND_B94B_COUNTRY_5FEB,1.4010197
2023-10-01,BRAND_056A_COUNTRY_89F9,2.0273328
2023-10-01,BRAND_6200_COUNTRY_9488,1.2067757
2023-10-01,BRAND_E57A_COUNTRY_458E,1.14015
2023-10-01,BRAND_E57A_COUNTRY_6F78,1.1397007
2023-10-01,BRAND_056A_COUNTRY_4442,1.4217632
2023-10-01,BRAND_9259_COUNTRY_6C16,1.0813239
2023-10-01,BRAND_E57A_COUNTRY_3AD0,1.248095
2023-10-01,BRAND_9259_COUNTRY_4242,1.3020551
2023-10-01,BRAND_3938_COUNTRY_907E,1.2533284
2023-10-01,BRAND_60F2_COUNTRY_C89B,0.97059375
2023-10-01,BRAND_C352_COUNTRY_4D48,1.3901813
2023-10-01,BRAND_267B_COUNTRY_0C7D,1.1491826
2023-10-01,BRAND_056A_COUNTRY_9891,1.1972377
2023-10-01,BRAND_A12A_COUNTRY_C51E,1.1640539
2023-10-01,BRAND_FB69_COUNTRY_4D48,1.1364026
2023-10-01,BRAND_E57A_COUNTRY_9891,1.1695036
2023-10-01,BRAND_599D_COUNTRY_C51E,1.141777
2023-10-01,BRAND_056A_COUNTRY_D8B0,2.2670083
2023-10-01,BRAND_DB5A_COUNTRY_1007,1.3567922
2023-10-01,BRAND_76D6_COUNTRY_AE54,2.2135587
2023-10-01,BRAND_5E80_COUNTRY_4D48,1.4825685
2023-10-01,BRAND_056A_COUNTRY_0309,1.5724727
2023-10-01,BRAND_D786_COUNTRY_0309,1.1606234
2023-10-01,BRAND_056A_COUNTRY_1007,1.6486168
2023-10-01,BRAND_9259_COUNTRY_EA71,1.0639366
2023-10-01,BRAND_F649_COUNTRY_2E65,1.1931984
2023-10-01,BRAND_C352_COUNTRY_8B47,1.4148326
2023-10-01,BRAND_E57A_COUNTRY_EA71,1.4177482
2023-10-01,BRAND_056A_COUNTRY_EA71,1.038282
2023-10-01,BRAND_F649_COUNTRY_5180,1.125871
2023-10-01,BRAND_F649_COUNTRY_221C,1.1491508
2023-10-01,BRAND_7065_COUNTRY_9488,1.5780174
2023-10-01,BRAND_7BEC_COUNTRY_4253,1.2239774
2023-10-01,BRAND_B8DE_COUNTRY_D8B0,2.4153836
2023-10-01,BRAND_D786_COUNTRY_3AD0,1.3729291
2023-10-01,BRAND_9259_COUNTRY_6B71,1.154315
2023-10-01,BRAND_056A_COUNTRY_445D,1.3969504
2023-10-01,BRAND_056A_COUNTRY_5180,1.0004815
2023-10-01,BRAND_9C65_COUNTRY_3536,1.0490013
2023-10-01,BRAND_A5D5_COUNTRY_5FEB,1.4821159
2023-10-01,BRAND_C352_COUNTRY_6B71,1.2041
2023-10-01,BRAND_014B_COUNTRY_0309,1.7941653
2023-10-01,BRAND_B8DE_COUNTRY_9891,0.97064686
2023-10-01,BRAND_9259_COUNTRY_FA79,1.0602471
2023-10-01,BRAND_056A_COUNTRY_3536,0.99680835
2023-10-01,BRAND_29F9_COUNTRY_5FEB,2.1325507
2023-10-01,BRAND_FEAE_COUNTRY_77DA,0.97973037
2023-10-01,BRAND_ACB5_COUNTRY_9488,1.0243809
2023-10-01,BRAND_D786_COUNTRY_D8B0,1.7022916
2023-10-01,BRAND_740F_COUNTRY_53A5,1.3010494
2023-10-01,BRAND_C352_COUNTRY_0C7D,1.1951752
2023-10-01,BRAND_C352_COUNTRY_C8F4,1.9933813
2023-10-01,BRAND_740F_COUNTRY_4D48,1.1510262
2023-10-01,BRAND_C94B_COUNTRY_6C16,0.91698045
2023-10-01,BRAND_E9AB_COUNTRY_8DBB,1.187285
2023-10-01,BRAND_056A_COUNTRY_6B71,1.0939454
2023-11-01,BRAND_1E6F_COUNTRY_4647,1.1310731
2023-11-01,BRAND_C352_COUNTRY_4D48,1.398914
2023-11-01,BRAND_9259_COUNTRY_5180,1.1812874
2023-11-01,BRAND_9259_COUNTRY_06E4,1.0665728
2023-11-01,BRAND_740F_COUNTRY_6C16,1.042801
2023-11-01,BRAND_740F_COUNTRY_3AD0,0.93252707
2023-11-01,BRAND_3938_COUNTRY_907E,1.2483997
2023-11-01,BRAND_056A_COUNTRY_3AD0,1.2711737
2023-11-01,BRAND_F649_COUNTRY_1033,1.2620183
2023-11-01,BRAND_B1E8_COUNTRY_AE54,2.1780806
2023-11-01,BRAND_4888_COUNTRY_AE54,1.2432102
2023-11-01,BRAND_F649_COUNTRY_FA79,1.0519712
2023-11-01,BRAND_056A_COUNTRY_4242,0.9740712
2023-11-01,BRAND_AA1F_COUNTRY_06E4,1.08259
2023-11-01,BRAND_C3A1_COUNTRY_5180,1.1158433
2023-11-01,BRAND_6646_COUNTRY_5FEB,2.4251273
2023-11-01,BRAND_F649_COUNTRY_D5B9,1.0681883
2023-11-01,BRAND_9DA9_COUNTRY_3F0E,1.1004586
2023-11-01,BRAND_F649_COUNTRY_907E,1.7405471
2023-11-01,BRAND_9259_COUNTRY_FA79,1.062001
2023-11-01,BRAND_056A_COUNTRY_3536,1.0130256
2023-11-01,BRAND_29F9_COUNTRY_5FEB,2.1286268
2023-11-01,BRAND_056A_COUNTRY_907E,1.1849264
2023-11-01,BRAND_F649_COUNTRY_4D48,1.3990139
2023-11-01,BRAND_740F_COUNTRY_6F78,0.99430233
2023-11-01,BRAND_D72F_COUNTRY_3536,1.1418142
2023-11-01,BRAND_B8DE_COUNTRY_9891,0.9611656
2023-11-01,BRAND_9259_COUNTRY_9488,1.1503141
2023-11-01,BRAND_E57A_COUNTRY_5180,1.1250497
2023-11-01,BRAND_056A_COUNTRY_458E,1.1589955
2023-11-01,BRAND_E57A_COUNTRY_9488,1.1393851
2023-11-01,BRAND_D786_COUNTRY_9891,0.992504
2023-11-01,BRAND_D786_COUNTRY_4253,1.5199832
2023-11-01,BRAND_9259_COUNTRY_88A3,1.0199738
2023-11-01,BRAND_F649_COUNTRY_89F9,1.9236591
2023-11-01,BRAND_CFD9_COUNTRY_AE54,1.5817537
2023-11-01,BRAND_E57A_COUNTRY_458E,1.139329
2023-11-01,BRAND_056A_COUNTRY_89F9,2.1880255
2023-11-01,BRAND_056A_COUNTRY_5180,1.0069176
2023-11-01,BRAND_2D13_COUNTRY_0C7D,1.000695
2023-11-01,BRAND_C352_COUNTRY_9488,1.41134
2023-11-01,BRAND_267B_COUNTRY_0C7D,1.1397798
2023-11-01,BRAND_056A_COUNTRY_EF33,1.0772067
2023-11-01,BRAND_E57A_COUNTRY_88A3,1.061033
2023-11-01,BRAND_056A_COUNTRY_4442,1.4014475
2023-11-01,BRAND_9259_COUNTRY_1007,1.5661535
2023-11-01,BRAND_E57A_COUNTRY_6F78,1.1749408
2023-11-01,BRAND_9259_COUNTRY_E319,1.2200447
2023-11-01,BRAND_106A_COUNTRY_E319,0.961974
2023-11-01,BRAND_056A_COUNTRY_9488,1.1198971
2023-11-01,BRAND_89E4_COUNTRY_3F0E,0.9911863
2023-11-01,BRAND_E57A_COUNTRY_06E4,1.0970511
2023-11-01,BRAND_E57A_COUNTRY_D5B9,1.9689292
2023-11-01,BRAND_72DA_COUNTRY_B6AE,1.0404832
2023-11-01,BRAND_740F_COUNTRY_9891,0.92034847
2023-11-01,BRAND_740F_COUNTRY_5180,1.0843918
2023-11-01,BRAND_F649_COUNTRY_9488,1.0233119
2023-11-01,BRAND_6200_COUNTRY_9488,1.1939547
2023-11-01,BRAND_E57A_COUNTRY_53A5,2.8341043
2023-11-01,BRAND_7250_COUNTRY_53A5,1.4024278
2023-11-01,BRAND_9259_COUNTRY_4242,1.2635517
2023-11-01,BRAND_056A_COUNTRY_9891,1.2726166
2023-11-01,BRAND_014B_COUNTRY_06E4,1.124358
2023-11-01,BRAND_056A_COUNTRY_6F78,1.0622189
2023-11-01,BRAND_740F_COUNTRY_06E4,0.99635863
2023-11-01,BRAND_FB57_COUNTRY_907E,1.406951
2023-11-01,BRAND_740F_COUNTRY_9488,1.0514042
2023-11-01,BRAND_740F_COUNTRY_88A3,1.0064739
2023-11-01,BRAND_FEAE_COUNTRY_77DA,0.9829364
2023-11-01,BRAND_056A_COUNTRY_445D,1.5132384
2023-11-01,BRAND_C352_COUNTRY_1007,2.1095276
2023-11-01,BRAND_D72F_COUNTRY_1033,1.3183562
2023-11-01,BRAND_60F2_COUNTRY_C89B,0.99386823
2023-11-01,BRAND_740F_COUNTRY_0309,1.1119896
2023-11-01,BRAND_89E4_COUNTRY_7D31,1.1344208
2023-11-01,BRAND_267B_COUNTRY_9488,1.2344344
2023-11-01,BRAND_C352_COUNTRY_907E,1.7799196
2023-11-01,BRAND_740F_COUNTRY_FA79,0.97989255
2023-11-01,BRAND_B94B_COUNTRY_5FEB,1.3937633
2023-11-01,BRAND_056A_COUNTRY_06E4,1.159215
2023-11-01,BRAND_E57A_COUNTRY_3AD0,1.3933268
2023-11-01,BRAND_9259_COUNTRY_89F9,1.4450144
2023-11-01,BRAND_9259_COUNTRY_6C16,1.124108
2023-11-01,BRAND_056A_COUNTRY_8B47,1.0250285
2023-11-01,BRAND_DB5A_COUNTRY_9488,1.0836136
2023-11-01,BRAND_E57A_COUNTRY_6C16,1.1941794
2023-11-01,BRAND_D786_COUNTRY_4D48,1.0952137
2023-11-01,BRAND_D786_COUNTRY_0309,1.4012703
2023-11-01,BRAND_BC1F_COUNTRY_C89B,1.4172424
2023-11-01,BRAND_9259_COUNTRY_0C7D,1.1732845
2023-11-01,BRAND_248D_COUNTRY_C89B,1.1598799
2023-11-01,BRAND_D786_COUNTRY_3AD0,1.336076
2023-11-01,BRAND_E57A_COUNTRY_EA71,1.4499351
2023-11-01,BRAND_8779_COUNTRY_84C8,0.95209044
2023-11-01,BRAND_248D_COUNTRY_EA71,1.361457
2023-11-01,BRAND_DB5A_COUNTRY_3AD0,1.39078
2023-11-01,BRAND_C94B_COUNTRY_5A54,1.0886247
2023-11-01,BRAND_C94B_COUNTRY_6C16,1.2798561
2023-11-01,BRAND_B8DE_COUNTRY_D8B0,2.71499
2023-11-01,BRAND_138D_COUNTRY_5FEB,1.2415408
2023-11-01,BRAND_5E80_COUNTRY_4D48,1.4693035
2023-11-01,BRAND_E9AB_COUNTRY_5A54,1.0732875
2023-11-01,BRAND_9259_COUNTRY_6B71,1.1549621
2023-11-01,BRAND_F649_COUNTRY_EA71,1.111718
2023-11-01,BRAND_F649_COUNTRY_221C,1.1674755
2023-11-01,BRAND_E57A_COUNTRY_4D48,1.2273839
2023-11-01,BRAND_9259_COUNTRY_3536,1.2989099
2023-11-01,BRAND_056A_COUNTRY_EA71,1.0223854
2023-11-01,BRAND_056A_COUNTRY_4253,1.0065241
2023-11-01,BRAND_F649_COUNTRY_5180,1.1248653
2023-11-01,BRAND_D786_COUNTRY_5A54,1.0878142
2023-11-01,BRAND_F649_COUNTRY_2E65,1.1998937
2023-11-01,BRAND_056A_COUNTRY_6C16,1.1195613
2023-11-01,BRAND_F649_COUNTRY_A67D,1.221697
2023-11-01,BRAND_7250_COUNTRY_D8B0,3.2936943
2023-11-01,BRAND_F649_COUNTRY_C8F4,1.1828268
2023-11-01,BRAND_D786_COUNTRY_53A5,1.633249
2023-11-01,BRAND_9259_COUNTRY_EA71,0.9719779
2023-11-01,BRAND_7065_COUNTRY_9488,1.6859828
2023-11-01,BRAND_1E6F_COUNTRY_AE54,1.2214236
2023-11-01,BRAND_3CEB_COUNTRY_7D31,1.4278017
2023-11-01,BRAND_BDB6_COUNTRY_5FEB,1.5228947
2023-11-01,BRAND_056A_COUNTRY_1007,1.6784372
2023-11-01,BRAND_12B2_COUNTRY_AE54,1.9270278
2023-11-01,BRAND_C352_COUNTRY_F78A,1.3053596
2023-11-01,BRAND_B79F_COUNTRY_B6AE,1.0646057
2023-11-01,BRAND_C352_COUNTRY_5A54,1.2200803
2023-11-01,BRAND_E57A_COUNTRY_0309,1.8091885
2023-11-01,BRAND_C352_COUNTRY_8B47,1.3858262
2023-11-01,BRAND_E57A_COUNTRY_8B47,1.0695848
2023-11-01,BRAND_056A_COUNTRY_5A54,1.1118478
2023-11-01,BRAND_C352_COUNTRY_88A3,1.4748424
2023-11-01,BRAND_056A_COUNTRY_A67D,1.1334549
2023-11-01,BRAND_9C65_COUNTRY_3536,1.0761702
2023-11-01,BRAND_A5D5_COUNTRY_5FEB,1.4997755
2023-11-01,BRAND_C352_COUNTRY_6B71,1.2146497
2023-11-01,BRAND_014B_COUNTRY_6C16,1.1458726
2023-11-01,BRAND_056A_COUNTRY_53A5,2.5554578
2023-11-01,BRAND_740F_COUNTRY_8B47,1.0238572
2023-11-01,BRAND_E57A_COUNTRY_0C7D,1.1248529
2023-11-01,BRAND_056A_COUNTRY_C8F4,1.2687172
2023-11-01,BRAND_056A_COUNTRY_6B71,1.1238679
2023-11-01,BRAND_A5D5_COUNTRY_C89B,0.9451663
2023-11-01,BRAND_C352_COUNTRY_445D,3.2911296
2023-11-01,BRAND_248D_COUNTRY_907E,1.0890436
2023-11-01,BRAND_056A_COUNTRY_0309,1.5404371
2023-11-01,BRAND_014B_COUNTRY_0309,1.8877506
2023-11-01,BRAND_9259_COUNTRY_907E,1.4678009
2023-11-01,BRAND_7BEC_COUNTRY_445D,1.9178134
2023-11-01,BRAND_740F_COUNTRY_53A5,1.3003405
2023-11-01,BRAND_C352_COUNTRY_0C7D,1.3090856
2023-11-01,BRAND_3938_COUNTRY_5A54,1.0512439
2023-11-01,BRAND_E57A_COUNTRY_1007,1.1333411
2023-11-01,BRAND_E57A_COUNTRY_9891,1.1721202
2023-11-01,BRAND_D13E_COUNTRY_9891,1.0605696
2023-11-01,BRAND_599D_COUNTRY_C51E,1.1100588
2023-11-01,BRAND_D72F_COUNTRY_C89B,1.0704023
2023-11-01,BRAND_B8DE_COUNTRY_0309,1.038243
2023-11-01,BRAND_DB5A_COUNTRY_1007,1.1762587
2023-11-01,BRAND_FB69_COUNTRY_4D48,1.1729567
2023-11-01,BRAND_A12A_COUNTRY_C51E,1.141876
2023-11-01,BRAND_A5D5_COUNTRY_7D31,1.415058
2023-11-01,BRAND_7BEC_COUNTRY_4253,1.1904808
2023-11-01,BRAND_E9AB_COUNTRY_C89B,1.0402967
2023-11-01,BRAND_D786_COUNTRY_1033,1.0752661
2023-11-01,BRAND_ED43_COUNTRY_7D31,1.1464288
2023-11-01,BRAND_4F19_COUNTRY_5FEB,2.0502102
2023-11-01,BRAND_ACB5_COUNTRY_9488,1.0157272
2023-11-01,BRAND_F649_COUNTRY_5A54,1.1012306
2023-11-01,BRAND_E9AB_COUNTRY_8DBB,1.2024882
2023-11-01,BRAND_9259_COUNTRY_A67D,1.2299101
2023-11-01,BRAND_BBE0_COUNTRY_C89B,1.0169735
2023-11-01,BRAND_056A_COUNTRY_D8B0,2.5265179
2023-11-01,BRAND_D786_COUNTRY_D8B0,1.9590113
2023-11-01,BRAND_9E22_COUNTRY_5180,1.0040711
2023-11-01,BRAND_76D6_COUNTRY_AE54,2.3915827
2023-11-01,BRAND_C352_COUNTRY_C8F4,2.013538
2023-11-01,BRAND_740F_COUNTRY_4D48,1.1709279
2023-11-01,BRAND_4710_COUNTRY_5FEB,1.172016
2023-12-01,BRAND_9C65_COUNTRY_3536,1.0529361
2023-12-01,BRAND_C352_COUNTRY_6B71,1.2563392
2023-12-01,BRAND_E9AB_COUNTRY_C89B,1.0514941
2023-12-01,BRAND_7BEC_COUNTRY_4253,1.1726108
2023-12-01,BRAND_A5D5_COUNTRY_5FEB,1.4859008
2023-12-01,BRAND_056A_COUNTRY_EF33,1.1165347
2023-12-01,BRAND_C94B_COUNTRY_6C16,1.378747
2023-12-01,BRAND_E57A_COUNTRY_6C16,1.1810862
2023-12-01,BRAND_C3A1_COUNTRY_5180,1.1168097
2023-12-01,BRAND_740F_COUNTRY_4D48,1.1209373
2023-12-01,BRAND_138D_COUNTRY_5FEB,1.24876
2023-12-01,BRAND_056A_COUNTRY_6B71,1.12432
2023-12-01,BRAND_C94B_COUNTRY_5A54,1.0844903
2023-12-01,BRAND_7065_COUNTRY_9488,1.6323682
2023-12-01,BRAND_C352_COUNTRY_0C7D,1.3329765
2023-12-01,BRAND_E9AB_COUNTRY_5A54,1.0672743
2023-12-01,BRAND_248D_COUNTRY_C89B,1.1559231
2023-12-01,BRAND_F649_COUNTRY_D5B9,1.0668375
2023-12-01,BRAND_E9AB_COUNTRY_8DBB,1.17028
2023-12-01,BRAND_E57A_COUNTRY_06E4,1.0987543
2023-12-01,BRAND_740F_COUNTRY_5180,1.0396764
2023-12-01,BRAND_056A_COUNTRY_3AD0,1.3377373
2023-12-01,BRAND_1E6F_COUNTRY_4647,1.1360613
2023-12-01,BRAND_F649_COUNTRY_FA79,1.0491525
2023-12-01,BRAND_740F_COUNTRY_6C16,1.1568189
2023-12-01,BRAND_4888_COUNTRY_AE54,1.3187517
2023-12-01,BRAND_056A_COUNTRY_53A5,2.7236538
2023-12-01,BRAND_740F_COUNTRY_9488,1.0653515
2023-12-01,BRAND_9DA9_COUNTRY_3F0E,1.0947406
2023-12-01,BRAND_B8DE_COUNTRY_9891,0.9910234
2023-12-01,BRAND_056A_COUNTRY_06E4,1.1887465
2023-12-01,BRAND_E57A_COUNTRY_D5B9,2.318421
2023-12-01,BRAND_9259_COUNTRY_FA79,1.0608425
2023-12-01,BRAND_29F9_COUNTRY_5FEB,2.127585
2023-12-01,BRAND_AA1F_COUNTRY_06E4,1.0748624
2023-12-01,BRAND_C352_COUNTRY_445D,3.5448217
2023-12-01,BRAND_1E6F_COUNTRY_AE54,1.355638
2023-12-01,BRAND_E57A_COUNTRY_EA71,1.4798372
2023-12-01,BRAND_E57A_COUNTRY_0C7D,1.1366565
2023-12-01,BRAND_7BEC_COUNTRY_445D,1.8809143
2023-12-01,BRAND_9259_COUNTRY_0C7D,1.1854359
2023-12-01,BRAND_BDB6_COUNTRY_5FEB,1.535713
2023-12-01,BRAND_C352_COUNTRY_8B47,1.3723216
2023-12-01,BRAND_056A_COUNTRY_5180,1.0319754
2023-12-01,BRAND_056A_COUNTRY_5A54,1.117671
2023-12-01,BRAND_F649_COUNTRY_2E65,1.1980757
2023-12-01,BRAND_740F_COUNTRY_8B47,1.0378275
2023-12-01,BRAND_D786_COUNTRY_53A5,1.5645292
2023-12-01,BRAND_3938_COUNTRY_5A54,1.0359303
2023-12-01,BRAND_12B2_COUNTRY_AE54,1.9458582
2023-12-01,BRAND_248D_COUNTRY_EA71,1.3486348
2023-12-01,BRAND_D786_COUNTRY_D8B0,1.9472519
2023-12-01,BRAND_ACB5_COUNTRY_9488,1.0317923
2023-12-01,BRAND_014B_COUNTRY_6C16,1.1635771
2023-12-01,BRAND_A5D5_COUNTRY_C89B,0.9614517
2023-12-01,BRAND_9259_COUNTRY_A67D,1.2621089
2023-12-01,BRAND_9259_COUNTRY_EA71,1.0874796
2023-12-01,BRAND_740F_COUNTRY_06E4,0.99768746
2023-12-01,BRAND_9259_COUNTRY_6B71,1.1656437
2023-12-01,BRAND_DB5A_COUNTRY_1007,1.2556801
2023-12-01,BRAND_740F_COUNTRY_53A5,1.304203
2023-12-01,BRAND_4F19_COUNTRY_5FEB,2.0341387
2023-12-01,BRAND_599D_COUNTRY_C51E,1.0922042
2023-12-01,BRAND_76D6_COUNTRY_AE54,2.3534496
2023-12-01,BRAND_81A0_COUNTRY_9891,1.0131336
2023-12-01,BRAND_A5D5_COUNTRY_7D31,1.435472
2023-12-01,BRAND_A12A_COUNTRY_C51E,1.1495966
2023-12-01,BRAND_FB69_COUNTRY_4D48,1.1978997
2023-12-01,BRAND_E57A_COUNTRY_9891,1.1749449
2023-12-01,BRAND_D13E_COUNTRY_9891,1.0833755
2023-12-01,BRAND_BBE0_COUNTRY_C89B,1.0238765
2023-12-01,BRAND_4710_COUNTRY_5FEB,1.324543
2023-12-01,BRAND_9259_COUNTRY_06E4,1.071032
2023-12-01,BRAND_E57A_COUNTRY_8B47,1.0798287
2023-12-01,BRAND_ED43_COUNTRY_7D31,1.1723222
2023-12-01,BRAND_D72F_COUNTRY_C89B,1.0923746
2023-12-01,BRAND_056A_COUNTRY_6C16,1.0466676
2023-12-01,BRAND_F649_COUNTRY_EA71,1.144904
2023-12-01,BRAND_9E22_COUNTRY_5180,1.0041447
2023-12-01,BRAND_F649_COUNTRY_5A54,1.1341082
2023-12-01,BRAND_F649_COUNTRY_5180,1.1356148
2023-12-01,BRAND_056A_COUNTRY_EA71,1.0658597
2023-12-01,BRAND_9259_COUNTRY_4242,1.1851137
2023-12-01,BRAND_D786_COUNTRY_4253,1.3790776
2023-12-01,BRAND_9259_COUNTRY_E319,1.2542313
2023-12-01,BRAND_F649_COUNTRY_4D48,1.3933293
2023-12-01,BRAND_9259_COUNTRY_88A3,1.0211209
2023-12-01,BRAND_056A_COUNTRY_1007,1.6987939
2023-12-01,BRAND_D72F_COUNTRY_3536,1.1446618
2023-12-01,BRAND_248D_COUNTRY_907E,1.1413165
2023-12-01,BRAND_E57A_COUNTRY_6F78,1.0950019
2023-12-01,BRAND_056A_COUNTRY_3536,1.0300996
2023-12-01,BRAND_E57A_COUNTRY_4D48,1.2389119
2023-12-01,BRAND_056A_COUNTRY_907E,1.2582825
2023-12-01,BRAND_056A_COUNTRY_C8F4,1.2662653
2023-12-01,BRAND_B8DE_COUNTRY_D8B0,3.355975
2023-12-01,BRAND_B94B_COUNTRY_5FEB,1.4395021
2023-12-01,BRAND_F649_COUNTRY_907E,1.7297974
2023-12-01,BRAND_7250_COUNTRY_D8B0,3.3543303
2023-12-01,BRAND_B1E8_COUNTRY_AE54,2.2191699
2023-12-01,BRAND_056A_COUNTRY_4242,1.0362798
2023-12-01,BRAND_FB57_COUNTRY_907E,1.440144
2023-12-01,BRAND_E57A_COUNTRY_458E,1.1376858
2023-12-01,BRAND_740F_COUNTRY_6F78,1.0084338
2023-12-01,BRAND_D786_COUNTRY_9891,1.0093522
2023-12-01,BRAND_CFD9_COUNTRY_AE54,1.6133401
2023-12-01,BRAND_C352_COUNTRY_C8F4,1.8175409
2023-12-01,BRAND_E57A_COUNTRY_0309,1.7392645
2023-12-01,BRAND_056A_COUNTRY_4253,1.0801725
2023-12-01,BRAND_056A_COUNTRY_458E,1.1851023
2023-12-01,BRAND_C352_COUNTRY_4D48,1.3999739
2023-12-01,BRAND_E57A_COUNTRY_1007,1.1572567
2023-12-01,BRAND_C352_COUNTRY_907E,1.8175181
2023-12-01,BRAND_740F_COUNTRY_9891,0.9900575
2023-12-01,BRAND_740F_COUNTRY_88A3,1.0519196
2023-12-01,BRAND_F649_COUNTRY_221C,1.2284063
2023-12-01,BRAND_5E80_COUNTRY_4D48,1.4718287
2023-12-01,BRAND_9259_COUNTRY_3536,1.3034487
2023-12-01,BRAND_F649_COUNTRY_1033,1.2667296
2023-12-01,BRAND_740F_COUNTRY_0309,1.050586
2023-12-01,BRAND_8779_COUNTRY_84C8,0.9726797
2023-12-01,BRAND_B8DE_COUNTRY_0309,1.3836322
2023-12-01,BRAND_D786_COUNTRY_1033,1.0845569
2023-12-01,BRAND_F649_COUNTRY_C8F4,1.1247928
2023-12-01,BRAND_D786_COUNTRY_3AD0,1.295409
2023-12-01,BRAND_056A_COUNTRY_D8B0,2.585656
2023-12-01,BRAND_3938_COUNTRY_907E,1.3774185
2023-12-01,BRAND_D786_COUNTRY_0309,1.4750366
2023-12-01,BRAND_C352_COUNTRY_1007,1.912741
2023-12-01,BRAND_9259_COUNTRY_1007,1.563627
2023-12-01,BRAND_056A_COUNTRY_445D,1.5068883
2023-12-01,BRAND_056A_COUNTRY_0309,1.6297874
2023-12-01,BRAND_E57A_COUNTRY_3AD0,1.3527179
2023-12-01,BRAND_267B_COUNTRY_9488,1.262832
2023-12-01,BRAND_BC1F_COUNTRY_C89B,1.3283669
2023-12-01,BRAND_2D13_COUNTRY_0C7D,1.00927
2023-12-01,BRAND_89E4_COUNTRY_7D31,1.1666951
2023-12-01,BRAND_056A_COUNTRY_8B47,1.0300838
2023-12-01,BRAND_C352_COUNTRY_F78A,1.2699841
2023-12-01,BRAND_D786_COUNTRY_5A54,1.1234639
2023-12-01,BRAND_E57A_COUNTRY_5180,1.0904137
2023-12-01,BRAND_F649_COUNTRY_89F9,1.9633434
2023-12-01,BRAND_7250_COUNTRY_53A5,1.7002717
2023-12-01,BRAND_C352_COUNTRY_5A54,1.2016977
2023-12-01,BRAND_056A_COUNTRY_A67D,1.2855998
2023-12-01,BRAND_056A_COUNTRY_9891,1.185836
2023-12-01,BRAND_740F_COUNTRY_FA79,0.9921029
2023-12-01,BRAND_267B_COUNTRY_0C7D,1.1712251
2023-12-01,BRAND_9259_COUNTRY_6C16,1.1387254
2023-12-01,BRAND_9259_COUNTRY_5180,1.1944072
2023-12-01,BRAND_E57A_COUNTRY_53A5,2.901166
2023-12-01,BRAND_FEAE_COUNTRY_77DA,0.9946497
2023-12-01,BRAND_014B_COUNTRY_06E4,1.0944117
2023-12-01,BRAND_9259_COUNTRY_89F9,1.4217207
2023-12-01,BRAND_6200_COUNTRY_9488,1.1876588
2023-12-01,BRAND_DB5A_COUNTRY_3AD0,1.4856337
2023-12-01,BRAND_F649_COUNTRY_A67D,1.2744884
2023-12-01,BRAND_60F2_COUNTRY_C89B,0.99677
2023-12-01,BRAND_B79F_COUNTRY_B6AE,1.0673387
2023-12-01,BRAND_B8DE_COUNTRY_C8F4,0.91417503
2023-12-01,BRAND_9259_COUNTRY_907E,1.5236958
2023-12-01,BRAND_D72F_COUNTRY_1033,1.337965
2023-12-01,BRAND_3CEB_COUNTRY_7D31,1.4589067
2023-12-01,BRAND_056A_COUNTRY_89F9,2.2474594
2023-12-01,BRAND_E57A_COUNTRY_88A3,1.0614823
2023-12-01,BRAND_056A_COUNTRY_6F78,1.0931174
2023-12-01,BRAND_D786_COUNTRY_4D48,1.0998228
2023-12-01,BRAND_C352_COUNTRY_88A3,1.5033827
2023-12-01,BRAND_014B_COUNTRY_0309,1.86305
2023-12-01,BRAND_6646_COUNTRY_5FEB,2.6997051
2023-12-01,BRAND_056A_COUNTRY_9488,1.1897825
2023-12-01,BRAND_C352_COUNTRY_9488,1.4361961
2023-12-01,BRAND_E57A_COUNTRY_9488,1.1509064
2023-12-01,BRAND_89E4_COUNTRY_3F0E,0.9888642
2023-12-01,BRAND_9259_COUNTRY_9488,1.168459
2023-12-01,BRAND_417D_COUNTRY_B6AE,1.0152694
2023-12-01,BRAND_740F_COUNTRY_3AD0,1.0452725
2023-12-01,BRAND_056A_COUNTRY_4442,1.4201828
2023-12-01,BRAND_F649_COUNTRY_9488,1.0387776
2023-12-01,BRAND_DB5A_COUNTRY_9488,1.0625352
2023-12-01,BRAND_106A_COUNTRY_E319,0.98530525
